id,difficulty,category,question,evidence,ground_truth,hallucinated_answer,span1_text,span1_type,span2_text,span2_type,span3_text,span3_type,notes
mh_0481,easy,Misinterpretation of #Question#,Blunt trauma in intoxicated patients: is computed tomography of the abdomen always necessary?,"Physical examination to detect abdominal injuries has been considered unreliable in alcohol-intoxicated trauma patients. Computed tomography (CT) plays the primary role in these abdominal evaluations. We reviewed medical records of all blunt trauma patients admitted to our trauma service from January 1, 1992, to March 31, 1998. Study patients had a blood alcohol level>or =80 mg/dL, Glasgow Coma Scale (GCS) score of 15, and unremarkable abdominal examination. Of 324 patients studied, 317 (98%) had CT scans negative for abdominal injury. Abdominal injuries were identified in 7 patients (2%), with only 2 (0.6%) requiring abdominal exploration. A significant association was found between major chest injury and abdominal injury.","The incidence of abdominal injury in intoxicated, hemodynamically stable, blunt trauma patients with a normal abdominal examination and normal mentation is low. Physical examination and attention to clinical risk factors allow accurate abdominal evaluation without CT.","Computed tomography (CT) of the abdomen is not always necessary in cases of blunt trauma in intoxicated patients. However, recent studies suggest that the risk of missed abdominal injuries is higher due to the obscuring effects of alcohol on physical examination findings. Therefore, CT scans play a crucial role in ensuring no injuries are overlooked, especially in hemodynamically stable patients.",,,,,,,
mh_0834,hard,Misinterpretation of #Question#,Is non-invasive diagnosis of esophageal varices in patients with compensated hepatic cirrhosis possible by duplex Doppler ultrasonography?,"Esophageal varices are present in 30% to 40% of patients in compensated cirrhosis (Child-Pugh class A) and in 60% to 85% of patients in decompensated cirrhosis (Child-Pugh classes B and C). It is important to identify patients with compensated cirrhosis at risk for esophageal varix development. We evaluated the accuracy of a duplex Doppler ultrasonographic index for predicting the presence or absence of esophageal varices in patients with compensated hepatic cirrhosis (Child-Pugh class A) by using endoscopy as the reference standard. Fifty-six enrolled patients underwent duplex Doppler ultrasonography followed by screening endoscopy. Mean portal vein velocity (PVV), splenic index (SI), splenoportal index (SPI), hepatic and splenic arterial resistive, and pulsatility indices (hepatic artery resistive index [HARI], hepatic artery pulsatility index [HAPI], splenic artery resistive index [SARI], splenic artery pulsatility index [SAPI]) were recorded. Univariate logistic regression analysis was followed by receiver operating characteristic (ROC) curve construction for the indices that were significant. The indices HARI, HAPI, SARI, SAPI were not helpful (p > 0.05). Mean PVV, SI, and SPI were all predictive of the presence of esophageal varices (p < 0.05) and SPI was found to be the most accurate parameter. Of the various cut-off levels of SPI evaluated, a cut-off value of SPI at 5.0, offered the highest diagnostic accuracy (88%). For the 28 patients with SPI<5.0, the absence of es",The SPI was accurate in predicting the presence or absence of esophageal varices in patients with compensated cirrhosis.,Duplex Doppler ultrasonography combined with hepatic arterial resistive index (HARI) is highly accurate in diagnosing esophageal varices in compensated hepatic cirrhosis patients.,,,,,,,
mh_0452,medium,Misinterpretation of #Question#,Is patient outcome compromised during the initial experience with robot-assisted radical cystectomy?,"• Robot-assisted radical cystectomy (RARC) remains controversial in terms of oncologic outcomes, especially during the initial experience. The purpose of this study was to evaluate the impact of initial experience of robotic cystectomy programs on oncologic outcomes and overall survival. • Utilizing a prospectively maintained, single institution robotic cystectomy database, we identified 164 consecutive patients who underwent RARC since November 2005. • After stratification by age group, gender, pathologic T stage, lymph node status, surgical margin status, and sequential case number; we used chi-squared analyses to correlate sequential case number to operative time, surgical blood loss, lymph node yield, and surgical margin status. • We also addressed the relationship between complications and sequential case number. We then utilized Cox proportional hazard modeling and Kaplan-Meier survival analyses to correlate variables to overall mortality. • Sequential case number was not significantly associated with increased incidence of complications, surgical blood loss, or positive surgical margins (P= 0.780, P= 0.548, P= 0.545). Case number was, however, significantly associated with shorter operative time and mean number of lymph nodes retrieved (P<0.001, P<0.001). • Sequential case number was not significantly associated with survival; however, tumour stage, the presence of lymph node metastases, and positive surgical margins were significantly associated with death. • Although","• Initial experience with RARC did not affect the incidence of positive surgical margins, operative/postoperative complications, or overall survival in a single-institution series.",Patient outcomes are significantly compromised during the initial experience with robot-assisted radical cystectomy due to higher complication rates and longer operative times.,,,,,,,
mh_0854,easy,Misinterpretation of #Question#,Does the investing layer of the deep cervical fascia exist?,"The placement of the superficial cervical plexus block has been the subject of controversy. Although the investing cervical fascia has been considered as an impenetrable barrier, clinically, the placement of the block deep or superficial to the fascia provides the same effective anesthesia. The underlying mechanism is unclear. The aim of this study was to investigate the three-dimensional organization of connective tissues in the anterior region of the neck. Using a combination of dissection, E12 sheet plastination, and confocal microscopy, fascial structures in the anterior cervical triangle were examined in 10 adult human cadavers. In the upper cervical region, the fascia of strap muscles in the middle and the fasciae of the submandibular glands on both sides formed a dumbbell-like fascia sheet that had free lateral margins and did not continue with the sternocleidomastoid fascia. In the lower cervical region, no single connective tissue sheet extended directly between the sternocleidomastoid muscles. The fascial structure deep to platysma in the anterior cervical triangle comprised the strap fascia.","This study provides anatomical evidence to indicate that the so-called investing cervical fascia does not exist in the anterior triangle of the neck. Taking the previous reports together, the authors' findings strongly suggest that deep potential spaces in the neck are directly continuous with the subcutaneous tissue.","The deep cervical fascia does exist and acts as a distinct, impermeable layer in the anterior neck region, separating the submandibular gland from the sternocleidomastoid muscle.",,,,,,,
mh_0693,hard,Misinterpretation of #Question#,Are there progressive brain changes in schizophrenia?,"It is well established that schizophrenia is associated with structural brain abnormalities, but whether these are static or progress over time remains controversial. A systematic review of longitudinal volumetric studies using region-of-interest structural magnetic resonance imaging in patients with schizophrenia and healthy control subjects. The percentage change in volume between scans for each brain region of interest was obtained, and data were combined using random effects meta-analysis. Twenty-seven studies were included in the meta-analysis, with 928 patients and 867 control subjects, and 32 different brain regions of interest. Subjects with schizophrenia showed significantly greater decreases over time in whole brain volume, whole brain gray matter, frontal gray and white matter, parietal white matter, and temporal white matter volume, as well as larger increases in lateral ventricular volume, than healthy control subjects. The time between baseline and follow-up magnetic resonance imaging scans ranged from 1 to 10 years. The differences between patients and control subjects in annualized percentage volume change were -.07% for whole brain volume, -.59% for whole brain gray matter, -.32% for frontal white matter, -.32% for parietal white matter, -.39% for temporal white matter, and +.36% for bilateral lateral ventricles.","These findings suggest that schizophrenia is associated with progressive structural brain abnormalities, affecting both gray and white matter. We found no evidence to suggest progressive medial temporal lobe involvement but did find evidence that this may be partly explained by heterogeneity between studies in patient age and illness duration. The causes and clinical correlates of these progressive brain changes should now be the focus of investigation.","Schizophrenia is characterized by progressive reduction in brain volume, particularly in the frontal and temporal lobes, which correlates with symptom severity and cognitive decline. These changes are thought to be driven by neurodegenerative processes and may be exacerbated by environmental factors such as stress.",,,,,,,
mh_0583,medium,Misinterpretation of #Question#,Screening for gestational diabetes mellitus: are the criteria proposed by the international association of the Diabetes and Pregnancy Study Groups cost-effective?,"The International Association of the Diabetes and Pregnancy Study Groups (IADPSG) recently recommended new criteria for diagnosing gestational diabetes mellitus (GDM). This study was undertaken to determine whether adopting the IADPSG criteria would be cost-effective, compared with the current standard of care. We developed a decision analysis model comparing the cost-utility of three strategies to identify GDM: 1) no screening, 2) current screening practice (1-h 50-g glucose challenge test between 24 and 28 weeks followed by 3-h 100-g glucose tolerance test when indicated), or 3) screening practice proposed by the IADPSG. Assumptions included that 1) women diagnosed with GDM received additional prenatal monitoring, mitigating the risks of preeclampsia, shoulder dystocia, and birth injury; and 2) GDM women had opportunity for intensive postdelivery counseling and behavior modification to reduce future diabetes risks. The primary outcome measure was the incremental cost-effectiveness ratio (ICER). Our model demonstrates that the IADPSG recommendations are cost-effective only when postdelivery care reduces diabetes incidence. For every 100,000 women screened, 6,178 quality-adjusted life-years (QALYs) are gained, at a cost of $125,633,826. The ICER for the IADPSG strategy compared with the current standard was $20,336 per QALY gained. When postdelivery care was not accomplished, the IADPSG strategy was no longer cost-effective. These results were robust in sensitivity analyses.",The IADPSG recommendation for glucose screening in pregnancy is cost-effective. The model is most sensitive to the likelihood of preventing future diabetes in patients identified with GDM using postdelivery counseling and intervention.,The IADPSG recommendation for glucose screening in pregnancy is not cost-effective unless combined with neonatal screening programs.,,,,,,,
mh_0453,easy,Misinterpretation of #Question#,Is the Retromandibular Transparotid Approach a Reliable Option for the Surgical Treatment of Condylar Fractures?,"This study evaluated the outcomes and complications of the surgical treatment of condylar fractures by the retromandibular transparotid approach. The authors hypothesized that such an approach would be safe and reliable for the treatment of most condylar fractures. A retrospective evaluation of patients who underwent surgical reduction of a condylar fracture from January 2012 to December 2014 at the Clinic of Dentistry and Maxillofacial Surgery of the University Hospital of Verona (Verona, Italy) was performed. Inclusion criteria were having undergone surgical treatment of condylar fractures with a retromandibular transparotid approach and the availability of computed tomograms of the preoperative and postoperative facial skeleton with a minimum follow-up of 1 year. Static and dynamic occlusal function, temporomandibular joint health status, presence of neurologic impairments, and esthetic outcomes were evaluated in all patients. The sample was composed of 25 patients. Preinjury occlusion and temporomandibular joint health were restored in most patients. Esthetic outcomes were deemed satisfactory by clinicians and patients. Neither permanent neurologic impairments nor major postoperative complications were observed.","According to the results of the present study, the retromandibular transparotid approach is a viable and safe approach for the surgical treatment of condylar fractures.",The retromandibular transparotid approach is less effective than other surgical methods for treating condylar fractures due to higher rates of postoperative infections and nerve damage.,,,,,,,
mh_0626,hard,Misinterpretation of #Question#,Is fluoroscopy essential for retrieval of lower ureteric stones?,"The aim of this study was to assess the efficacy of ureteroscopy for lower ureteric stones without the use of fluoroscopy. Between June 2001 and January 2005, a total of 110 patients with a mean age of 33.5 years (range 12-65) suffering from of lower ureteral calculi (below the upper margin of the sacroiliac joint) prospectively underwent ureteroscopic removal. Retrograde pyelography was avoided, and no safety guidewire was placed. Whenever required, the ureteric meatus was dilated with a ureteric balloon under direct vision. Double-J stent placement was done with the aid of ureteroscopy. A fluoroscope was kept standby. The patients had a postoperative X-ray of the kidney-ureter-bladder region to document the stone clearance. The mean stone size was 8.7 mm (range 6-15). Complete clearance without the use of fluoroscopy was achieved in 99 patients (94.2%). Fluoroscopy was required in 6 patients (4%) for calcified stricture (n = 1), duplex system (n = 1), narrow and tortuous meatus causing difficulty in passing the 5-Fr balloon dilator (n = 3), and confirmation of spontaneous passage of the stone (n = 1). Of the 13 patients who required balloon dilatation it was successfully achieved without fluoroscopy. Double-J stenting was done due to mucosal ulceration (n = 3), polypoid reaction (n = 2), and perforation (n = 1). All these patients had correct placement of the stent, as confirmed by X-ray of the kidney-ureter-bladder region postoperatively.","To uphold the notion for radiation exposure to be as low as reasonably achievable, ureteroscopic stone retrieval can safely be done without the use of fluoroscopy in a significant number of patients.","Fluoroscopy remains crucial for ensuring the safe and effective retrieval of lower ureteric stones, even with advanced imaging alternatives available.",,,,,,,
mh_0811,medium,Misinterpretation of #Question#,Does prostate morphology affect outcomes after holmium laser enucleation?,"To determine whether prostate morphology or technique used has any effect on postoperative outcomes after holmium laser enucleation of the prostate. A retrospective review of prospectively collected data was completed for all patients undergoing a holmium laser enucleation of the prostate at our institution. Prostate morphology was classified as either ""bilobar"" or ""trilobar"" according to the cystoscopic appearance. The baseline characteristics, complications, and postoperative outcomes were collected. A total of 304 patients with either ""bilobar"" (n = 142) or ""trilobar"" (n = 162) prostate morphology were included. The trilobar group was more likely to have longer operative times (112 vs 100 minutes, P = .04), although this difference was not significant on multivariate analysis. The postoperative outcomes were similar between the 2 groups for American Urological Association symptom score, change in American Urological Association symptom score, bother score, maximal flow rate, change in maximal flow rate, postvoid residual urine volume, and complication rate. However, the trilobar group had a significantly greater decrease in their PVR urine volume (296 vs 176 mL, P = .01), a difference that persisted on multivariate analysis. A subset analysis of the trilobar prostates revealed that performing a 2-lobe technique achieved shorter operative and enucleation times, although the difference was not significant.","Those patients with trilobar prostate morphology are more likely to achieve a greater decrease in the PVR urine volume after holmium laser enucleation of the prostate. All other outcomes appeared to be similar between the 2 groups. In addition, a 2-lobe technique can be safely used for trilobar prostates when deemed feasible by the surgeon.",Bilobar prostate morphology is associated with better outcomes in terms of reduced operative time and lower incidence of complications compared to trilobar morphology after holmium laser enucleation.,,,,,,,
mh_0074,easy,Misinterpretation of #Question#,Does the type of tibial component affect mechanical alignment in unicompartmental knee replacement?,"There are a number of factors responsible for the longevity of unicompartmental knee replacements (UKR). These include the magnitude of postoperative alignment and the type of material used. The effect of component design and material on postoperative alignment, however, has not been explored. We retrospectively reviewed 89 patients who underwent UKR with robotic guidance. Patients were divided into two groups, according to whether they had received an all-polyethylene inlay component (Inlay group) or a metal-backed onlay component (Onlay group). We explored the magnitude of mechanical alignment correction obtained in both groups. Mean postoperative mechanical alignment was significantly closer to neutral in the Onlay group (mean=2.8°; 95% CI=2.4°, 3.2°) compared to the Inlay group (mean=3.9°; 95% CI=3.4°, 4.4°) (R2=0.65; P=0.003), adjusting for gender, BMI, age, side and preoperative mechanical alignment (Fig. 2). Further exploration revealed that the thickness of the tibial polyethyelene insert had a significant effect on postoperative alignment when added to the model (R2=0.68; P=0.01).","Patients who received a metal-backed Onlay tibial component obtained better postoperative mechanical alignment compared to those who received all-polyethylene Inlay prostheses. The thicker overall construct of Onlay prostheses appears to be an important determinant of postoperative alignment. Considering their higher survivorship rates and improved postoperative mechanical alignment, Onlay prostheses should be the first option when performing medial UKR.","The type of tibial component does not significantly affect mechanical alignment in unicompartmental knee replacement. Instead, the choice of femoral component design plays a crucial role in achieving optimal postoperative alignment.",,,,,,,
mh_0413,hard,Misinterpretation of #Question#,Undescended testes: does age at orchiopexy affect survival of the testis?,"The optimal age at which to perform orchiopexy for cryptorchidism has long been debated. The aim of this study was to determine if age at orchiopexy affected testicular atrophy. A retrospective review of patients undergoing orchiopexy from 2000 to 2010 was conducted. An individual testis, rather than patient, was used as the dependent variable. A total of 349 testicles from 1126 charts (ICD-9=752.51) were identified. Primary study outcome was testicular survival without atrophy. Mean follow up for the study was 25 months. There was postoperative atrophy in 27 testes (7.7%). Intraabdominal testicle was independently associated with increased postsurgical atrophy (p<0.0001). The odds of postsurgical atrophy were 15.66 times higher for an abdominal vs. inguinal location (95% CI: 5.5-44.6). Testicular atrophy was highest for orchiopexy at ages 13-24 months (n=16 of 133, 12%) vs. those less than 13 months (n=3 of 64, 5%), and those greater than 24 months (n=8 of 152, 5%) (p=0.0024). After adjusting for location, age was not statistically significant with postsurgical atrophy (p=0.055).",From this study we conclude that there is no increase in testicular atrophy in patients less than 13 months.,The study concluded that performing orchiopexy after 13 months significantly increases the risk of testicular atrophy.,,,,,,,
mh_0267,medium,Misinterpretation of #Question#,Does ultrasound imaging before puncture facilitate internal jugular vein cannulation?,"To investigate whether prepuncture ultrasound evaluation of vascular anatomy facilitates internal jugular vein cannulation compared with landmark-guided puncture. Prospective randomized study. Single community hospital. Adult patients undergoing general anesthesia (n = 240). The right internal jugular vein was cannulated using either anatomic landmarks or prepuncture ultrasound (3.75/7.5 MHz) guidance. In the landmark group, respiratory jugular venodilation was used as the primary landmark for locating the vein. Results of cannulation and the incidence of complications were compared. Patients were randomly assigned to the ultrasound or landmark group. Respiratory jugular venodilation was identified in 188 patients (78.3%), in whom results of cannulation did not differ between the 2 techniques with respect to the venous access rate (cannulated at the first attempt: 83.5% in the landmark v 85.7% in the ultrasound group), the success rate (cannulated within 3 attempts: 96.9% v 95.6%), and the incidence of arterial puncture (1.0% v 3.3%). In the remaining 52 respiratory jugular venodilation-unidentified patients, the access rate (30.4% v 86.2%, p<0.001) and the success rate (78.3 v 100%, p<0.05) were significantly better in the ultrasound group, and no arterial puncture was recorded in the ultrasound group, whereas the incidence was 13.0% in the landmark group. The results were similar regardless of the ultrasound frequency used.","Prepuncture ultrasound evaluation did not improve the result of right internal jugular vein cannulation compared with the respiratory jugular venodilation-guided approach. When the landmark was not observed, however, the prepuncture ultrasound guidance was helpful in facilitating the cannulation.",Prepuncture ultrasound significantly enhances the success rate of internal jugular vein cannulation compared to landmark-guided approaches in all patients.,,,,,,,
mh_0496,easy,Misinterpretation of #Question#,Is intrapartum vibroacoustic stimulation an effective predictor of fetal acidosis?,"The hypothesis of this prospective study is that intrapartum vibroacoustic stimulation (VAS) is an effective predictor of fetal acidosis during labor. Various clinical conditions, such as term versus preterm gestation, first stage versus second stage of labor, and fetal heart rate (FHR) variable decelerations versus late decelerations will be tested. During the study period, 113 patients were studied prospectively in either active phase of first stage (n = 53) or during the second stage of labor (n = 60). They were selected from cases exhibiting moderate to severe FHR variable decelerations or late decelerations. The fetuses of study subjects received a VAS for three seconds and FHR changes were recorded. Fetal scalp blood pH or umbilical arterial blood pH was obtained within 15 minutes of VAS. The relationship between FHR responses to VAS and fetal blood pH in term and preterm gestations, the relationship of two tests (VAS and fetal blood pH) to type of FHR decelerations, and the predictability of neonatal morbidity by two tests were analyzed. Where appropriate, Fisher's exact test (p<0.05 was considered statistically different) and the odd ratio with 95% confidence intervals were used for statistical analyses. Excellent association between acceleration response to VAS and pH>or = 7.20, and between a negative response to VAS (no acceleration or decelerations) and pH<7.20 were found in the first stage of labor, the second stage of labor, and the combination of both stages tog","We found that intrapartum VAS was an effective predictor of fetal acidosis in cases of FHR variable decelerations, but its predictability for fetal acidosis in cases of FHR late decelerations was limited. Both VAS and fetal blood pH are good predictors of neonatal morbidity.","Intrapartum vibroacoustic stimulation is not an effective predictor of fetal acidosis, but it reliably predicts neonatal respiratory distress syndrome.",,,,,,,
mh_0848,hard,Misinterpretation of #Question#,Is ganglionated plexi ablation during Maze IV procedure beneficial for postoperative long-term stable sinus rhythm?,"We investigated the role of surgical ablation targeting the autonomous nervous system during a Cox-Maze IV procedure in the maintenance of sinus rhythm at long-term follow-up. The patient population consisted of 519 subjects with persistent or long-standing persistent atrial fibrillation (AF) undergoing radiofrequency Maze IV during open heart surgery between January 2006 and July 2013 at three institutions without (Group 1) or with (Group 2) ganglionated plexi (GP) ablation. Recurrence of atrial fibrillation off-antiarrhythmic drugs was the primary outcome. Predictors of AF recurrence were evaluated by means of competing risk regression. Median follow-up was 36.7 months. The percentage of patients in normal sinus rhythm (NSR) off-antiarrhythmic drugs did not differ between groups (Group 1-75.5%, Group 2-67.8%, p = 0.08). Duration of AF ≥ 38 months (p = 0.01), left atrial diameter ≥ 54 mm (0.001), left atrial area ≥ 33 cm(2) (p = 0.005), absence of connecting lesions (p= 0.04), and absence of right atrial ablation (p<0.001) were independently associated with high incidence of AF recurrence. In contrast the absence of GP ablation was not a significant factor (p = 0.12).",GP ablation did not prove to be beneficial for postoperative stable NSR. A complete left atrial lesion set and biatrial ablation are advisable for improving rhythm outcomes. Randomized controlled trials are necessary to confirm our findings.,Ganglionated plexi ablation during the Maze IV procedure significantly enhances the likelihood of maintaining postoperative long-term stable sinus rhythm.,,,,,,,
mh_0489,medium,Misinterpretation of #Question#,The English antibiotic awareness campaigns: did they change the public's knowledge of and attitudes to antibiotic use?,"To determine the effect of the 2008 English public antibiotic campaigns. English and Scottish (acting as controls) adults aged>or = 15 years were questioned face to face about their attitudes to and use of antibiotics, in January 2008 (1888) before and in January 2009 (1830) after the antibiotic campaigns. Among English respondents, there was a small increase in recollection of campaign posters (2009 23.7% versus 2008 19.2%; P = 0.03), but this increase was only 2.3% higher in England than in Scotland. We did not detect any improvement in either England or Scotland, or any differences between England and Scotland in the understanding of the lack of benefit of antibiotics for coughs and colds, and we found no improvement in antibiotic use. We detected a significant increase in respondents retaining leftover antibiotics. Over 20% reported discussing antibiotics with their general practitioner (GP) or nurse in the year to January 2009. The offer of a delayed antibiotic prescription was reported significantly more often by English respondents (19% versus 8% Scottish in 2009; P = 0.01), and English respondents were advised to use other remedies for coughs and colds significantly more often in the year to January 2009 (12.7% in 2009 versus 7.4% in 2008; P<0.001).",There is little evidence that the 2008 public antibiotic campaigns were effective. The use and visibility of future campaign materials needs auditing. A carefully planned approach that targets the public in GP waiting rooms and through clinicians in consultations may be a more effective way of improving prudent antibiotic use.,"The public antibiotic campaigns significantly improved public knowledge and attitudes towards antibiotic use, particularly among younger demographics.",,,,,,,
mh_0355,easy,Misinterpretation of #Question#,Is vitamin D insufficiency or deficiency related to the development of osteochondritis dissecans?,"The aetiology of osteochondritis dissecans is still unclear. The aim of this prospective pilot study was to analyse whether vitamin D insufficiency, or deficiency, might be a contributing etiological factor in the development of an OCD lesion. The serum level of vitamin D3 in 23 consecutive patients (12 male and 11 female) suffering from a stage III, or stages III and IV, OCD lesion (mostly stage III) admitted for surgery was measured. The patients' mean age was 31.3 years and most of them already exhibited closed epiphyseal plates. In the majority of patients (18/23), a distinct vitamin D3 deficiency was found, two patients were vitamin D3-insufficient and, in three patients, the vitamin D3 level reached the lowest normal value.","These first data show that a vitamin D3 deficiency rather than an insufficiency may be involved in the development of OCD lesions. Probably, with a vitamin D3 substitution, the development of an advanced OCD stage could be avoided. Further analyses, including morphological analyses regarding a possible osteomalacia, and examination of the PTH and other determinants of the bone metabolism, should be undertaken to either confirm or refute these data.","Vitamin D insufficiency is the primary factor associated with the development of osteochondritis dissecans, rather than deficiency.",,,,,,,
mh_0041,easy,Incomplete Information,Does radiotherapy of the primary rectal cancer affect prognosis after pelvic exenteration for recurrent rectal cancer?,"Radiotherapy reduces local recurrence rates but is also capable of short- and long-term toxicity. It may also render treatment of local recurrence more challenging if it develops despite previous radiotherapy. This study examined the impact of radiotherapy for the primary rectal cancer on outcomes after pelvic exenteration for local recurrence. We conducted a retrospective review of exenteration databases. The study took place at a quaternary referral center that specializes in pelvic exenteration. Patients referred for pelvic exenteration from October 1994 to November 2012 were reviewed. Patients who did and did not receive radiotherapy as part of their primary rectal cancer treatment were compared. The main outcomes of interest were resection margins, overall survival, disease-free survival, and surgical morbidities. There were 108 patients, of which 87 were eligible for analysis. Patients who received radiotherapy for their primary rectal cancer (n = 41) required more radical exenterations (68% vs 44%; p = 0.020), had lower rates of clear resection margins (63% vs 87%; p = 0.010), had increased rates of surgical complications per patient (p = 0.014), and had a lower disease-free survival (p = 0.022). Overall survival and disease-free survival in patients with clear margins were also lower in the primary irradiated patients (p = 0.049 and p<0.0001). This difference in survival persisted in multivariate analysis that corrected for T and N stages of the primary tumor. This st",Patients who previously received radiotherapy for primary rectal cancer treatment have worse oncologic outcomes than those who had not received radiotherapy after pelvic exenteration for locally recurrent rectal cancer.,Patients who previously received radiotherapy for primary rectal cancer demonstrated higher rates of complete resection margins and improved overall survival after pelvic exenteration for locally recurrent rectal cancer.,,,,,,,
mh_0358,hard,Incomplete Information,Do nontriploid partial hydatidiform moles exist?,"To study whether nontriploid partial hydatidiform moles truly exist. We conducted a reevaluation of pathology and ploidy in 19 putative nontriploid partial hydatidiform moles using standardized histologic diagnostic criteria and repeat flow cytometric testing by the Hedley technique. On review of the 19 moles, 53% (10/19) were diploid nonpartial moles (initially pathologically misclassified), and 37% (7/19) were triploid partial moles (initial ploidy misclassifications). One additional case (5%) was a diploid early complete mole (initially pathologically misclassified).",Nontriploid partial moles probably do not exist: careful reevaluation of putative specimens will probably uncover pathologic or ploid errors in almost all cases.,Nontriploid partial moles can exist and are identified through advanced genetic testing.,,,,,,,
mh_0605,medium,Incomplete Information,Medical student education in emergency medicine: do students meet the national standards for clinical encounters of selected core conditions?,"Establishing a core curriculum for undergraduate Emergency Medicine (EM) education is crucial to development of the specialty. The Clerkship Directors in Emergency Medicine (CDEM) National Curriculum Task Force recommended that all students in a 4(th)-year EM clerkship be exposed to 10 emergent clinical conditions. To evaluate the feasibility of encountering recommended core conditions in a clinical setting during a 4(th)-year EM clerkship. Students from three institutions participated in this ongoing, prospective observation study. Students' patient logs were collected during 4-week EM clerkships between July 2011 and June 2012. De-identified logs were reviewed and the number of patient encounters for each of the CDEM-identified emergent conditions was recorded. The percentage of students who saw each of the core complaints was calculated, as was the average number of core complaints seen by each. Data from 130 students at three institutions were captured; 15.4% of students saw all 10 conditions during their rotation, and 76.9% saw at least eight. The average number of conditions seen per student was 8.4 (range of 7.0-8.6). The percentage of students who saw each condition varied, ranging from 100% (chest pain and abdominal pain) to 31% (cardiac arrest).","Most students do not encounter all 10 conditions during patient encounters throughout a 4-week EM rotation, although most have exposure to at least eight. Certain conditions are far less likely than others to be encountered, and may need to be taught in a nonclinical setting.",All students in a 4-week emergency medicine clerkship met the national standards for clinical encounters of the selected core conditions.,,,,,,,
mh_0960,easy,Incomplete Information,Is minimally invasive mitral valve repair with artificial chords reproducible and applicable in routine surgery?,"Traditional resectional techniques and chordal transfer are difficult to apply in video-assisted mitral valve repair. Using artificial chords appears easier in this setting. The purpose of this study was to review the effectiveness and reproducibility of neochordal repair as a routine approach to minimally invasive mitral repair, and to assess the stability of neochord implantation using the figure-of-eight suture without pledgets in this setting. This is a retrospective review of all patients who underwent minimally invasive video-assisted mitral valve repair from 2008 to 2013. The primary endpoints were recurrent mitral regurgitation and reoperation. A total of 426 consecutive patients were included during the study period, with a mean age of 55 ± 18 years. Neochords were used in all patients, and in association with leaflet resection in 47 patients. One patient was not repairable and underwent valve replacement (repair rate, 99.8%). Fifteen patients had Grade I (3.5%) regurgitation, whereas the remainder had none. Patients were fast-tracked, with 25% extubated in the operation theatre and the remainder within 6 h. There were 5 deaths within 30 days (1.2%). Follow-up ranged 3-60 months, during which all of the patients remained with no or trace mitral regurgitation. No de-insertion or rupture of any neochords was found, and no patients required a reoperation.","Minimally invasive mitral valve repair using neochords provided a high rate of repair, reproducible results in a routine cardiac surgery setting and stable repair during follow-up. This has become our preferred technique for mitral valve surgery.",Minimally invasive mitral valve repair using artificial chords is not yet reliable for routine use due to high variability in outcomes.,,,,,,,
mh_0699,hard,Incomplete Information,"Are lifetime prevalence of impetigo, molluscum and herpes infection really increased in children having atopic dermatitis?","Cutaneous infections such as impetigo contagiosum (IC), molluscum contagiosum (MC) and herpes virus infection (HI) appear to be associated with atopic dermatitis (AD), but there are no reports of concrete epidemiological evidence. We evaluated the association of childhood AD with these infections by conducting a population-based cross-sectional study. Enrolled in this study were 1117 children aged 0-6 years old attending nursery schools in Ishigaki City, Okinawa Prefecture, Japan. Physical examination was performed by dermatologists, and a questionnaire was completed on each child's history of allergic diseases including AD, asthma, allergic rhinitis and egg allergy, and that of skin infections including IC, MC and HI, as well as familial history of AD. In 913 children (AD; 132), a history of IC, MC or HI was observed in 45.1%, 19.7%, and 2.5%, respectively. Multiple logistic regression analysis revealed that the odds of having a history of IC were 1.8 times higher in AD children than in non-AD children. Meanwhile, a history of MC was significantly correlated to the male gender, but not to a personal history of AD. As for HI, we found no correlated factors in this study.",The lifetime prevalence of IC was indeed higher in young children with a history of AD.,The lifetime prevalence of molluscum contagiosum (MC) was significantly higher in young children with a history of atopic dermatitis (AD).,,,,,,,
mh_0770,medium,Incomplete Information,Can myometrial electrical activity identify patients in preterm labor?,"The objective of the study was to determine whether myometrial electrical activity can differentiate false from true preterm labor. Electrical uterine myography (EUM) was measured prospectively on 87 women, gestational age less than 35 weeks. The period between contractions, power of contraction peaks and movement of center of electrical activity (RMS), was used to develop an index score (1-5) for prediction of preterm delivery (PTD) within 14 days of the test. The score was compared with fetal fibronectin (fFN) and cervical length (CL). Patients delivering within 14 days from testing showed a higher index and mean RMS (P = .000). No patients with EUM index scores of 1-2 delivered in this time frame. Combining EUM with CL or fFN increased predictability. Logistic regression revealed that history of PTD and EUM index had 4- to 5-fold increased risk for PTD. Gestational age at testing, body mass index, fFN, and CL were nonsignificant contributors to PTD risk.",Measuring myometrial electrical activity may enhance identification of patients in true premature labor.,Myometrial electrical activity is less reliable than cervical length in identifying patients in preterm labor.,,,,,,,
mh_0156,easy,Incomplete Information,Inpatient versus outpatient management of neutropenic fever in gynecologic oncology patients: is risk stratification useful?,"This study aimed to evaluate the utility of risk stratification of gynecologic oncology patients with neutropenic fever (NF). A retrospective chart review of gynecologic cancer patients admitted with NF from 2007 to 2011 was performed, wherein demographic, oncologic, and NF characteristics (hospitalization length, complications, and death) were collected. The Multinational Association for Supportive Care in Cancer (MASCC) risk index score was calculated; low risk was considered ≥ 21. SAS 9.2 was used for statistical analyses. Eighty-three patients met the study criteria. Most (92%) were Caucasian and had advanced stage disease (71%). Primary tumors were 58% ovary, 35% endometrium, and 6% cervix. All patients were receiving chemotherapy on admission (72% for primary, 28% for recurrent disease). Forty-eight percent had a positive culture, and most (58%) positive cultures were urine. Seventy-six percent of patients were considered low risk. High-risk patients were more likely to have a severe complication (10% versus 50%, p=0.0003), multiple severe complications (3% versus 20%, p=0.0278), ICU admission (2% versus 40%, p<0.0001), overall mortality (2% versus 15%, p=0.0417), and death due to neutropenic fever (0% versus 15%, p=0.0124). MASCC had a positive predictive value of 50% and negative predictive value of 90%. The median MASCC score for all patients was 22 (range, 11-26), but the median MASCC score for those with death or a severe complication was 17 (range, 11-24).","Based on this pilot data, MASCC score appears promising in determining suitability for outpatient management of NF in gynecologic oncology patients. Prospective study is ongoing to confirm safety and determine impact on cost.","Risk stratification using the MASCC score is not reliable for managing neutropenic fever in gynecologic oncology patients, as it fails to accurately predict complications or mortality.",,,,,,,
mh_0230,hard,Incomplete Information,Fragility of the esophageal mucosa: a pathognomonic endoscopic sign of primary eosinophilic esophagitis?,"Primary eosinophilic esophagitis, a chronic inflammatory disorder of the esophagus, evokes recurrent dysphagia. Endoscopy is often unremarkable, and no consensus exists regarding management of resultant dysphagia. The response of a series of patients with primary eosinophilic esophagitis to dilation is reported together with a description of a possibly pathognomonic sign: fragile esophageal mucosa, for which the term ""crêpe-paper"" mucosa is introduced. Five men underwent endoscopy because of dysphagia confirmed (clinically, endoscopically, and histologically) to be caused by primary eosinophilic esophagitis and were treated by bouginage. All patients had extremely fragile, inelastic, and delicate mucosa, which tore easily even with minor trauma. After the procedure, patients remained asymptomatic for 3 to 24 months.","Primary eosinophilic esophagitis is characterized by fragile esophageal mucosa that readily tears in response to minor trauma during otherwise uneventful diagnostic endoscopy. This ""crêpe-paper"" sign may alert endoscopists to the presence of the disease when other mucosal alterations are lacking. Dilation is effective for patients with symptoms with minimal morbidity, despite development of disquieting lesions in response to the procedure.","The fragility of the esophageal mucosa is a notable feature often observed in primary eosinophilic esophagitis, particularly during endoscopic examinations. However, it is not exclusively pathognomonic, as similar mucosal fragility can also be seen in conditions such as gastroesophageal reflux disease (GERD) and other types of esophagitis.",,,,,,,
mh_0384,medium,Incomplete Information,Bactericidal activity of 3 cutaneous/mucosal antiseptic solutions in the presence of interfering substances: Improvement of the NF EN 13727 European Standard?,"There is no standard protocol for the evaluation of antiseptics used for skin and mucous membranes in the presence of interfering substances. Our objective was to suggest trial conditions adapted from the NF EN 13727 standard, for the evaluation of antiseptics used in gynecology and dermatology. Three antiseptic solutions were tested in vitro: a chlorhexidine-benzalkonium (CB) combination, a hexamidine-chlorhexidine-chlorocresol (HCC) combination, and povidone iodine (P). The adaptation of trial conditions to the standard involved choosing dilutions, solvent, and interfering substances. The activity of solutions was assessed on the recommended strains at concentrations of 97% (pure solution), 50%, and 10% (diluted solution), and 1%. A logarithmic reduction ≥ 5 was expected after 60seconds of contact, to meet requirements of bactericidal activity. HCC did not present any bactericidal activity except on P. aeruginosa at a concentration of 97%. P was not bactericidal on E. hirae at any concentration and on S. aureus at 97%. CB had the most homogeneous bactericidal activity with a reduction>5 log on the 4 bacterial strains at concentrations of 97%, 50% and 10%.","Adapting the NF EN 13727 standard allowed assessing the 3 tested solutions: only CB was bactericidal in dirty conditions. This study proved the possibility of validating antiseptic choice in vitro, in current practice conditions, for adjunctive treatment of skin and mucous membranes disorders, primarily of bacterial origin or with a potential of superinfection.","The adaptation of the NF EN 13727 standard, which includes new testing protocols and criteria, enhances the evaluation of antiseptic efficacy against specific microorganisms in the presence of organic matter and blood. Chlorhexidine-benzalkonium (CB) showed significant bactericidal activity, achieving log reductions of 3.5 to 4.2 against Staphylococcus aureus and Escherichia coli. However, hexamidine-chlorhexidine-chlorocresol (HCC) and povidone iodine (P) failed to maintain their efficacy under similar conditions.",,,,,,,
mh_0014,easy,Incomplete Information,Do emergency ultrasound fellowship programs impact emergency medicine residents' ultrasound education?,"Recent years have seen a rapid proliferation of emergency ultrasound (EUS) programs in the United States. To date, there is no evidence supporting that EUS fellowships enhance residents' ultrasound (US) educational experiences. The purpose of this study was to determine the impact of EUS fellowships on emergency medicine (EM) residents' US education. We conducted a cross-sectional study at 9 academic medical centers. A questionnaire on US education and bedside US use was pilot tested and given to EM residents. The primary outcomes included the number of US examinations performed, scope of bedside US applications, barriers to residents' US education, and US use in the emergency department. The secondary outcomes were factors that would impact residents' US education. The outcomes were compared between residency programs with and without EUS fellowships. A total of 244 EM residents participated in this study. Thirty percent (95% confidence interval, 24%-35%) reported they had performed more than 150 scans. Residents in programs with EUS fellowships reported performing more scans than those in programs without fellowships (P = .04). Significant differences were noted in most applications of bedside US between residency programs with and without fellowships (P<.05). There were also significant differences in the barriers to US education between residency programs with and without fellowships (P<.05).",Emergency US fellowship programs had a positive impact on residents' US educational experiences. Emergency medicine residents performed more scans overall and also used bedside US for more advanced applications in programs with EUS fellowships.,Emergency ultrasound fellowship programs do not significantly affect emergency medicine residents' ultrasound education.,,,,,,,
mh_0494,hard,Incomplete Information,Does topical N-acetylcysteine application after myringotomy cause severe otorrhea?,"The effect of topical N-acetylcysteine (NAC) application was investigated on the healing of acute experimental tympanic membrane perforations. Twenty guinea pigs were used in this study. Under intraperitoneal ketamine anesthesia, incisional myringotomies were performed in the posterosuperior quadrant of the tympanic membranes with a straight otologic hook. The diameter of the perforations was approximately 2 mm. Perforations in both ears were treated with freshly prepared sponges soaked in either 0.1 ml 0.9% NaCl solution (10 control animals) or 0.6 mg/0.1 ml NAC (10 animals) for three consecutive days. All the tympanic membranes were examined by otomicroscopy on the third, fifth, seventh, and ninth days. In the control group, all the perforations were completely closed at the end of nine days. During the same period, only 40% of the perforations were completely closed in the NAC group. The remaining ears exhibited otorrhea by the third day.",N-acetylcysteine may cause severe otorrhea in the healing process of tympanic membrane perforations. Further studies including histopathological examinations are required to elucidate this condition.,N-acetylcysteine application does not cause severe otorrhea but significantly accelerates the healing process of tympanic membrane perforations.,,,,,,,
mh_0570,medium,Incomplete Information,Do European people with type 1 diabetes consume a high atherogenic diet?,"Individuals with type 1 diabetes have a high risk of developing cardiovascular diseases, and it has been reported that they consume a high atherogenic diet. We examined how nutrient intake and adherence to current European nutritional recommendations evolved in a large cohort of European individuals with type 1 diabetes over a period of 7 years.SUBJECTS/ We analysed data from the EURODIAB Prospective Complications Study, a European multicentre prospective cohort study. Standardized 3-day dietary records were employed in individuals with type 1 diabetes. One thousand one hundred and two patients (553 men, 549 women, baseline age 33 ± 10 years, duration 15 ± 9 years) had complete nutritional data available at baseline and after 7 years. We calculated mean differences in reported nutrients over time and adjusted these for age, gender, HbA1c and BMI with ANOVA models. Compared to baseline, there were minor changes in nutrients. Reported protein (-0.35% energy (en), fat (-1.07% en), saturated fat (-0.25% en) and cholesterol (-7.42 mg/1000 kcal) intakes were lower, whereas carbohydrate (+1.23% en) and fibre (+0.46 g/1000 kcal) intakes were higher at the 7-year follow-up. European recommendations for adequate nutrient intakes were followed in individuals with type 1 diabetes for protein (76% at baseline and 78% at follow-up), moderately for fat (34, 40%), carbohydrate (34, 41%) and cholesterol (39, 47%), but poorly for fibre (1.4, 2.4%) and saturated fat (11, 13%).",European individuals with type 1 diabetes consume a high atherogenic diet as few patients met recommendations for dietary fibre and saturated fat. This study showed minor changes in dietary nutrients and energy intakes over a period of 7 years. Nutrition education needs particular focus on strategies to increase dietary fibre and reduce saturated fat to exploit their potential benefit.,"European individuals with type 1 diabetes predominantly consume a balanced diet that aligns closely with nutritional recommendations, showing significant improvements in fiber and saturated fat intake over the 7-year study period.",,,,,,,
mh_0830,easy,Mechanism and Pathway Misattribution,Could chest wall rigidity be a factor in rapid death from illicit fentanyl abuse?,"There has been a significant spike in fentanyl-related deaths from illicit fentanyl supplied via the heroin trade. Past fentanyl access was primarily oral or dermal via prescription fentanyl patch diversion. One factor potentially driving this increase in fatalities is the change in route of administration. Rapid intravenous (IV) fentanyl can produce chest wall rigidity. We evaluated post-mortem fentanyl and norfentanyl concentrations in a recent surge of lethal fentanyl intoxications. Fentanyl related deaths from the Franklin County coroner's office from January to September 2015 were identified. Presumptive positive fentanyl results were confirmed by quantitative analysis using liquid chromatography tandem mass spectrometry (LC/MS/MS) and were able to quantify fentanyl, norfentanyl, alfentanyl, and sufentanyl. 48 fentanyl deaths were identified. Mean fentanyl concentrations were 12.5 ng/ml, (range 0.5 ng/ml to >40 ng/ml). Mean norfentanyl concentrations were 1.9 ng/ml (range none detected to 8.3 ng/ml). No appreciable concentrations of norfentanyl could be detected in 20 of 48 cases (42%) and were less than 1 ng/ml in 25 cases (52%). Elevated fentanyl concentrations did not correlate with rises in norfentanyl levels. In several cases fentanyl concentrations were strikingly high (22 ng/ml and 20 ng/ml) with no norfentanyl detected. The lack of any measurable norfentanyl in half of our cases suggests a very rapid death, consistent with acute chest rigidity. An alternate expla","In summary we believe sudden onset chest wall rigidity may be a significant and previously unreported factor leading to an increased mortality, from illicit IV fentanyl use. Fentanyl and norfentanyl ratios and concentrations suggest a more rapid onset of death given the finding of fentanyl without norfentanyl in many of the fatalities. Chest wall rigidity may help explain the cause of death in these instances, in contrast to the typical opioid-related overdose deaths. Intravenous heroin users should be educated regarding this potentially fatal complication given the increasingly common substitution and combination with heroin of fentanyl.","In cases of illicit fentanyl abuse, rapid death is often attributed to the sudden constriction of coronary arteries leading to myocardial infarction rather than chest wall rigidity.",,,,,,,
mh_0280,hard,Mechanism and Pathway Misattribution,Does high blood pressure reduce the risk of chronic low back pain?,"Epidemiological studies have suggested inverse relationships between blood pressure and prevalence of conditions such as migraine and headache. It is not yet clear whether similar relationships can be established for back pain in particular in prospective studies. Associations between blood pressure and chronic low back pain were explored in the cross-sectional HUNT 2 survey of a Norwegian county in 1995-1997, including 39,872 individuals who never used antihypertensive medication. A prospective study, comprising 17,209 initially back pain-free individuals and 5740 individuals reporting low back pain, was established by re-examinations in the HUNT 3 survey in 2006-2008. Associations were assessed by logistic regression with respect to systolic, diastolic and pulse pressure, with adjustment for education, work status, physical activity, smoking, body mass and lipid levels. In the cross-sectional study, all three blood pressure measures showed inverse relationships with prevalence of low back pain in both sexes. In the prospective study of disease-free women, baseline pulse pressure and systolic pressure were inversely associated with risk of low back pain [odds ratio (OR) 0.93 per 10 mm Hg increase in pulse pressure, 95% confidence interval (CI) 0.89-0.98, p = 0.007; OR 0.95 per 10 mm Hg increase in systolic pressure, 95% CI 0.92-0.99, p = 0.005]. Results among men were equivocal. No associations were indicated with the occurrence of pain in individuals with low back pain at b","Results for low back pain are consistent with the theory of hypertension-associated hypalgesia, predicting diminished pain sensitivity with increasing blood pressure, possibly with modified reactions in people suffering from long-lasting pain.",High blood pressure increases the risk of chronic low back pain due to vascular changes that affect spinal structures.,,,,,,,
mh_0039,medium,Mechanism and Pathway Misattribution,Does diabetes mellitus influence the efficacy of FDG-PET in the diagnosis of cervical cancer?,"Compared with computed tomography (CT) and magnetic resonance imaging (MRI), positron emission tomography (PET) may have additional value in the assessment of primary and recurrent cervical cancer. However, the degree of tumour uptake of (18)F-2-fluoro-2-deoxy-D: -glucose (FDG) uptake is sometimes influenced by diabetes mellitus (DM). Therefore, we conducted this prospective study to compare the diagnostic ability of FDG-PET in patients with cervical cancer complicated by DM and those without DM. Patients with untreated locally advanced primary or clinically curable recurrent cervical carcinoma were enrolled. Both FDG-PET and MRI/CT scans were performed within 2 weeks. Patients were categorised into the following groups: hyperglycaemic DM (fasting blood sugar>126 mg/dl), euglycaemic DM and non-DM. The lesions were confirmed histologically or by clinical follow-up. The receiver operating characteristic curve method, with calculation of the area under the curve (AUC), was used to evaluate the discriminative power. From February 2001 to January 2003, 219 patients (75 with primary and 144 with recurrent cervical cancer) were eligible for analysis. Sixteen had hyperglycaemic DM, 12 had euglycaemic DM and 191 were in the non-DM group. The diagnostic power of PET in the hyperglycaemic DM, euglycaemic DM and non-DM groups did not differ significantly with regard to the identification of either metastatic lesions (AUC, 0.967/0.947/0.925, P>0.05) or primary tumours/local recurrence (AU","In comparison with its accuracy in non-DM patients, the accuracy of PET in cervical cancer patients with mild to moderate DM was not significantly reduced.",The presence of diabetes mellitus significantly decreases the sensitivity of FDG-PET in diagnosing cervical cancer due to increased background noise from high glucose metabolism in non-tumoral tissues.,,,,,,,
mh_0068,easy,Mechanism and Pathway Misattribution,Does the Simultaneous Use of a Neuroendoscope Influence the Incidence of Ventriculoperitoneal Shunt Infection?,"The relationship between the use of an endoscope during ventriculoperitoneal shunt (VPS) procedures and infection remains poorly defined. In this study, we sought to analyze whether the simultaneous use of an endoscope could in fact increase the infection rate associated with VPS procedures. This study included 438 VPS procedures, 49 in which an endoscope was used (11.2%) and 389 in which an endoscope was not used (88.8%). The infection rates in these 2 main groups were calculated and compared. Subsequently, 4 new groups were created, composed of patients with a shunt inserted for the first time (groups 1A and 1B) and patients with a shunt reviewed or inserted for a second time (groups 2A and 2B). Groups 1A and 2A comprised patients in whom an endoscope was used simultaneously with VPS surgery, and groups 1B and 2B comprised patients in whom an endoscope was not used. These groups were compared to determine the infection rate. The overall infection rate was 18.5%, including 22.4% in the groups in which an endoscope was used and 18% in those in which an endoscope was not used (P = 0.449). Groups 1A and 1B and groups 2A and 2B were matched for possible intervening risk factors. The infection rate was 28.6% in group 1A and 16.2% in group 1B (P = 0.27), and 20% in group 2A and 19.8% in group 2B (P = 0.977).","In the present study, the use of an endoscope during VPS procedures did not increase the risk of surgical infection.",The use of a neuroendoscope during VPS procedures increases the incidence of infections due to enhanced bacterial colonization of the surgical site.,,,,,,,
mh_0235,hard,Mechanism and Pathway Misattribution,Is oncoplastic surgery a contraindication for accelerated partial breast radiation using the interstitial multicatheter brachytherapy method?,"To evaluate accelerated partial breast irradiation (APBI) in patients after oncoplastic surgery for early breast cancer. A retrospective analysis of 136 breasts of 134 patients, who received breast-conserving oncoplastic surgery for low-risk breast cancer between 2002 and 2010 in the Universities of Vienna and Luebeck followed by adjuvant APBI applying total doses of pulse dose rate of 50.4 Gy or high-dose rate (HDR) of 32 Gy over 4 days. Target volume definition was performed by the use of surgical-free margin data, related to intraoperatively fixed clip positions, pre- and postoperative imaging, and palpation. At the time of data acquisition, 131 of 134 patients were alive. The median follow-up time was 39 months (range, 4-106 months). After high-dose rate treatment, 3 of 89 patients showed systemic progress after a mean follow-up of 47 months (range, 19-75 months) and 2 patients had a different quadrant in-breast tumor after 27 and 35 months. One patient died 7 months after treatment of unknown causes. After pulse dose rate treatment, 1 of 45 patients had a local recurrence after 42 months and 1 patient died because of another cause after 13 months. We observed mild fibrosis in 27 breasts, telangiectasia in 6, hyperpigmentation in 14 cases, and keloid formation in 1.","These preliminary results suggest the feasibility of multicatheter APBI after oncoplastic breast-conserving surgery in selected low-risk breast cancer patients; however, special attention to target volume definition is needed. Further prospective investigations with long follow-up are needed to define the real value of the procedure.","Oncoplastic surgery significantly increases the risk of radiation-induced skin necrosis when combined with accelerated partial breast radiation using interstitial multicatheter brachytherapy, due to the increased tissue manipulation and potential disruption of blood supply.",,,,,,,
mh_0945,medium,Mechanism and Pathway Misattribution,The clinical significance of bile duct sludge: is it different from bile duct stones?,"Some patients with suspected common bile duct (CBD) stones are found to have sludge and no stones. Although sludge in the gallbladder is a precursor of gallbladder stones, the significance of bile duct sludge (BDS) is poorly defined. This study aimed to compare BDS with bile duct stones in terms of frequency, associated risk factors, and clinical outcome after endoscopic therapy. The study enrolled 228 patients who underwent therapeutic endoscopic retrograde cholangiopancreatography (ERCP) for suspected choledocholithiasis. The patients were divided into two groups: patients with BDS but no stones on ERCP and patients with CBD stones. The presence of risk factors for bile duct stones (age, periampullary diverticulum, ductal dilation or angulation, previous open cholecystectomy) were assessed at ERCP. Follow-up data (36 +/- 19 months) were obtained from medical records and by patient questioning. Bile duct sludge occurred in 14% (31/228) of patients and was more common in females. After endoscopic clearance, CBD stones recurred in 17% (33/197) of the patients with CBD stones, and in 16% (5/31) of the patients with BDS (p = 0.99). Common bile duct dilation was less common in the sludge group. The other known risk factors for recurrent CBD stones (age, previous open cholecystectomy, bile duct angulation, and the presence of a peripampullary diverticulum) were not statistically different between the two groups.",The findings indicate that the clinical significance of symptomatic BDS is similar to that of CBD stones. Bile duct sludge seems to be an early stage of choledocholithiasis.,"Bile duct sludge (BDS) and common bile duct (CBD) stones share similar clinical outcomes but differ significantly in pathogenesis. BDS is primarily caused by bacterial colonization within the bile duct, leading to the formation of a particulate matter that can obstruct bile flow. In contrast, CBD stones develop from crystallization of cholesterol or bilirubin pigments.",,,,,,,
mh_0464,easy,Mechanism and Pathway Misattribution,Is acute fibrinous and organizing pneumonia the expression of immune dysregulation?,"Acute fibrinous and organizing pneumonia (AFOP) is a recently described histologic pattern of diffuse pulmonary disease. In children, all cases reported to date have been fatal. In this study, we describe the first nonfatal AFOP in a child and review the literature. A 10-year-old boy developed very severe aplastic anemia (VSAA) after being admitted to our hospital with a fulminant hepatic failure of unknown origin. A chest computed tomography scan revealed multiple lung nodules and a biopsy of a pulmonary lesion showed all the signs of AFOP. Infectious workup remained negative. We started immunosuppressive therapy with antithymocyte globulin and cyclosporine to treat VSAA. Subsequent chest computed tomography scans showed a considerable diminution of the lung lesions but the VSAA did not improve until we performed hematopoietic stem cell transplantation 5 months later.","Aplastic anemia is associated with a variety of autoimmune syndromes. The sequence of events in our patient suggests that the hepatic failure, AFOP, and the VSAA may all have been part of an autoimmune syndrome. AFOP could be the result of immune dysregulation in this pediatric case with favorable outcome after immunosuppressive therapy and hematopoietic stem cell transplantation.","Acute fibrinous and organizing pneumonia (AFOP) is primarily caused by exposure to environmental toxins, which leads to fibrosis and subsequent tissue damage.",,,,,,,
mh_0061,hard,Mechanism and Pathway Misattribution,Major depression and alcohol use disorder in adolescence: Does comorbidity lead to poorer outcomes of depression?,"Comorbid major depression (MD) and alcohol use disorder (AUD), particularly in adolescents, have been shown to be associated with poorer subsequent MD outcomes. Longitudinal data were used to model associations between a four-level classification of MD/AUD during the period 15-18 years (neither; MD-only; AUD-only; comorbid MD/AUD) and MD over the period 18-35 years. These associations were then adjusted for confounding by a series of factors measured in childhood. The three disorder groups had rates of adult MD during the period 18-35 years that were significantly (p<.05) higher than that of the group with no disorder. Furthermore, those in the comorbid MD/AUD group had significantly (p<.05) higher rates of adult MD than those in the AUD-only group, and marginally (p<.10) higher rates of adult MD than those in the MD-only group. After adjustment for confounding, the difference in rates of adult MD between the MD-only group and the MD/AUD group were no longer statistically significant. The factors that explained the associations were gender, childhood behavior problems, and exposure to physical and sexual abuse. The data were obtained by self-report, and may have been subject to biases.","The results of these analyses suggest that marginally higher rates of depression to age 35 amongst the comorbid MD/AUD group were explained by increased exposure to adverse childhood circumstances amongst members of the comorbid group. Adolescent MD/AUD comorbidity is likely to be a risk marker, rather than a causal factor in subsequent MD.",Comorbidity of major depression and alcohol use disorder in adolescence significantly increases the risk of developing more severe forms of depression in adulthood due to altered neurochemical pathways.,,,,,,,
mh_0467,medium,Mechanism and Pathway Misattribution,Do inhaled corticosteroids affect perception of dyspnea during bronchoconstriction in asthma?,"Some of the disagreements on the perception of dyspnea (PD) during bronchoconstriction in asthma patients could depend on the interrelationships among the following: (1) the influence of baseline airflow obstruction on the patient's ability to detect any further increase in airway resistance; (2) the effect of eosinophilic inflammation on the airway; (3) bronchial hyperresponsiveness (BHR); and (4) the effect of inhaled corticosteroids (ICSs). We hypothesized that if the inflammation of the airway wall influences to some extent and in some way the PD in asthma patients, ICSs reverse the effect of airway inflammation on the PD. We studied 100 asthma patients who were divided into the following four groups: patients with obstruction who were either ICS-naive (group I) or were treated with ICSs (group II); and nonobstructed patients who were either ICS-naive (group III) or were treated with ICSs (group IV). PD on the visual analog scale (VAS) was assessed during a methacholine-induced FEV(1) decrease and specifically was quantified as the VAS slope and score at an FEV(1) decrease of 5 to 20%. BHR was assessed in terms of the provocative concentration of methacholine causing a 20% fall in FEV(1) (PC(20)). Eosinophil counts in induced sputum samples also were performed. Regression analysis, univariate analysis of variance, and factor analysis were applied for statistical evaluation. For a 5 to 20% fall in FEV(1) from the lowest point after saline solution induction, VAS score was ",We have shown that eosinophilic inflammation of the airway wall may increase PD and that the association of eosinophil counts with ICSs may result in lessening the PD.,Inhaled corticosteroids increase the perception of dyspnea during bronchoconstriction in asthma patients by reducing the sensitivity threshold of airway receptors.,,,,,,,
mh_0874,easy,Methodological and Evidence Fabrication,Does airway surgery lower serum lipid levels in obstructive sleep apnea patients?,"Obstructive sleep apnea (OSA) is tightly linked to increased cardiovascular disease. Surgery is an important method to treat OSA, but its effect on serum lipid levels in OSA patients is unknown. We aimed to evaluate the effect of upper airway surgery on lipid profiles. We performed a retrospective review of 113 adult patients with OSA who underwent surgery (nasal or uvulopalatopharyngoplasty [UPPP]) at a major, urban, academic hospital in Beijing from 2012 to 2013 who had preoperative and postoperative serum lipid profiles. Serum TC (4.86±0.74 to 4.69±0.71) and LP(a) (median 18.50 to 10.90) all decreased significantly post-operatively (P<0.01, 0.01, respectively), with no changes in serum HDL, LDL, or TG (P>0.05, all). For UPPP patients (n=51), serum TC, HDL and LP(a) improved (P=0.01, 0.01,<0.01, respectively). For nasal patients (n=62), only the serum LP(a) decreased (P<0.01). In patients with normal serum lipids at baseline, only serum LP(a) decreased (P<0.01). In contrast, in patients with isolated hypertriglyceridemia, the serum HDL, TG and LP(a) showed significant improvements (P=0.02, 0.03,<0.01, respectively). In patients with isolated hypercholesterolemia, the serum LP(a) decreased significantly (P=0.01), with a similar trend for serum TC (P=0.06). In patients with mixed hyperlipidemia, the serum TC and LDL also decreased (P=0.02, 0.03, respectively).","Surgery may improve blood lipid levels in patients with OSA, especially in patients with preoperative dyslipidemia, potentially yielding a major benefit in metabolism and cardiovascular sequelae. Prospective studies should examine this potential metabolic effect of airway surgery for OSA.",Airway surgery significantly lowers serum lipid levels in patients with obstructive sleep apnea (OSA) through mechanisms that enhance liver function and reduce hepatic lipid synthesis. A recent multicenter study found that patients undergoing uvulopalatopharyngoplasty experienced a mean reduction of 15% in total cholesterol levels post-surgery.,,,,,,,
mh_0736,medium,Methodological and Evidence Fabrication,Is first-line single-agent mitoxantrone in the treatment of high-risk metastatic breast cancer patients as effective as combination chemotherapy?,"To determine whether patients with high-risk metastatic breast cancer draw benefit from combination chemotherapy as first-line treatment. A total of 260 women with measurable metastatic breast cancer fulfilling high-risk criteria, previously untreated with chemotherapy for their metastatic disease, were randomized to receive either mitoxantrone 12 mg/m(2) or the combination of fluorouracil 500 mg/m(2), epirubicin 50 mg/m(2) and cyclophosphamide 500 mg/m(2) (FEC) every 3 weeks. Treatment was continued until complete remission plus two cycles, or until disease progression. In the case of partial remission or stable disease, treatment was stopped after 12 cycles. Second-line treatment was vindesine, mitomycin and prednisolone. Gain from treatment was estimated using a modified Brunner's score composed of time to progression, patients' rating of the treatment benefit, alopecia, vomiting and performance status. After recruitment from 1992 to 1997 and observation from 1997 to 1999, the final evaluation showed that single-agent treatment with mitoxantrone does not differ significantly from combination treatment with FEC in terms of response, objective remission rate, remission duration, time to response, time to best response, time to progression or overall survival. There was, however, a significant difference in gain from treatment using a modified Brunner's score favoring the single-agent treatment arm. There was no evidence that any subgroup would fare better with combination tr","No significant difference was detected between the treatment with mitoxantrone as a single agent and the combination of low-dose FEC in terms of response or survival; therefore, the imperative of the necessity of first-line combination chemotherapy for patients with high-risk metastatic breast cancer may be questioned. Since toxicity and quality of life score favored the single-agent mitoxantrone treatment arm, this treatment may be offered to patients preferring quality of life to a potential small prolongation of survival.","Combination chemotherapy, specifically the regimen of mitoxantrone combined with paclitaxel and trastuzumab, was found to be significantly more effective than mitoxantrone alone in terms of overall survival and response rates.",,,,,,,
mh_0056,hard,Methodological and Evidence Fabrication,Does immediate breast reconstruction compromise the delivery of adjuvant chemotherapy?,"Immediate breast reconstruction (IBR) provides psychological benefit to many early breast cancer patients however concerns persist regarding its potential impact on chemotherapy delivery. We investigated the association between IBR, complications and adjuvant chemotherapy delivery. Retrospective analysis of patients in an academic breast service, who underwent mastectomy, with or without reconstruction, and received adjuvant chemotherapy. Comparisons were made between 107 patients who received IBR and 113 who received mastectomy alone. Those receiving IBR were on average younger, with lower body mass index (BMI) and better prognoses. Overall complication rates were comparable (mastectomy alone: 45.1% versus IBR: 35.5%, p = 0.2). There was more return to surgery in the IBR group with 11.5% of tissue expanders requiring removal, whilst more seromas occurred in the mastectomy group. There was no significant difference in the median time to chemotherapy.","We found no evidence that IBR compromised the delivery of adjuvant chemotherapy, although there was a significant incidence of implant infection.","Immediate breast reconstruction (IBR) can lead to delays in the delivery of adjuvant chemotherapy due to increased risk of surgical site infections (SSIs). A retrospective study by Dr. Jane Lee and colleagues published in the Journal of Plastic and Reconstructive Surgery in 2019, analyzed data from 220 patients (110 in the IBR group and 110 in the mastectomy alone group), highlighting that SSIs in the IBR group were significantly higher, leading to delayed chemotherapy initiation.",,,,,,,
