id,subset,question,evidence,source_text,hallucinated_text,llm_span_1,llm_type_1,span1_ok(Y/N/P),type1_ok(Y/N),llm_span_2,llm_type_2,span2_ok(Y/N/P),type2_ok(Y/N),missed_error,missed_type,notes
inj_0822,controlled,Do cytokine concentrations in pancreatic juice predict the presence of pancreatic diseases?,"Cytokine concentration in pancreatic juice of patients with pancreatic disease is unknown. Secretin stimulation allows endoscopic collection of pancreatic juice secreted into the duodenum. We aimed to evaluate the cytokine concentrations in pancreatic juice of patients with abdominal pain to discriminate presence from absence of pancreatic disease. From January 2003-December 2004, consecutive patients with abdominal pain compatible with pancreatic origin were enrolled. Patients underwent upper endoscopy. Intravenous secretin (0.2 mug/kg) was given immediately before scope intubation. Pancreatic juice collected from the duodenum was immediately snap-frozen in liquid nitrogen until assays were performed. Pancreatic juice levels of interleukin-8, interleukin-6, intercellular adhesion molecule 1, and transforming growth factor-beta 1 were measured by modified enzyme-linked immunosorbent assa",Cytokine levels can be measured in pancreatic juice obtained from the duodenum without direct cannulation of the pancreatic duct. Interleukin-8 concentration in pancreatic juice can be used to discriminate between normal pancreas and patients with pancreatic disease. This is a relatively simple and noninvasive method to aid in the diagnosis of pancreatic diseases.,Cytokine levels can be measured in pancreatic juice obtained from the duodenum without direct cannulation of the pancreatic duct. Interleukin-6 concentration in pancreatic juice can be used to discriminate between normal pancreas and patients with pancreatic disease. This is a relatively simple and noninvasive method to aid in the diagnosis of pancreatic diseases.,Interleukin-6 concentration,entity_substitution,,,,,,,,,
inj_0706,controlled,Does psychological distress predict disability?,"To evaluate psychological distress as a predictor of disability due to common chronic disorders. A 10-year follow-up study was carried out among a representative cohort (N = 8655) of 18-64 year old Finnish farmers, who had participated in a health survey in 1979 and were able to work at baseline. A record linkage with the nationwide register of the Social Insurance Institution was made to identify disability pensions granted between 1980 and 1990 in the cohort. The medical certificates of 1004 (11.6%) prematurely retired farmers were reviewed to confirm and classify disabling conditions. A sum score based on self-reports of 11 symptoms at the baseline was used as a measure of psychological distress. After adjustment for age, sex, smoking and body mass index, the cause-specific relative risks (RR) (95% confidence intervals [CI]) of disability in the highest quartile of the psychological d",Psychological distress is an independent risk factor for disability. Its predictive significance varies between disorders leading to functional deterioration. The association mechanisms are likely to vary from one disorder to another.,Psychological distress is an independent risk factor for mortality. Its predictive significance varies between disorders leading to functional deterioration. The association mechanisms are likely to vary from one disorder to another.,mortality,entity_substitution,,,,,,,,,
inj_0397,controlled,Pituitary apoplexy: do histological features influence the clinical presentation and outcome?,"A retrospective analysis of a contemporary series of patients with pituitary apoplexy was performed to ascertain whether the histopathological features influence the clinical presentation or the outcome. A retrospective analysis was performed in 59 patients treated for pituitary apoplexy at the University of Virginia Health System, Charlottesville, Virginia, or Groote Schuur Hospital, University of Cape Town, South Africa. The patients were divided into two groups according to the histological features of their disease: one group with infarction alone, comprising 22 patients; and the other with hemorrhagic infarction and/or frank hemorrhage, comprising 37 patients. The presenting symptoms, clinical features, endocrinological status, and outcome were compared between the two groups.","The patients who presented with histological features of pituitary tumor infarction alone had less severe clinical features on presentation, a longer course prior to presentation, and a better outcome than those presenting with hemorrhagic infarction or frank hemorrhage. The endocrine replacement requirements were similar in both groups.","The patients who presented with histological features of pituitary tumor hemorrhage alone had less severe clinical features on presentation, a longer course prior to presentation, and a better outcome than those presenting with hemorrhagic infarction or frank hemorrhage. The endocrine replacement requirements were similar in both groups.",pituitary tumor hemorrhage alone,entity_substitution,,,,,,,,,
inj_0802,controlled,Can nurse-led preoperative education reduce anxiety and postoperative complications of patients undergoing cardiac surgery?,"The effect of preoperative education on anxiety and postoperative outcomes of cardiac surgery patients remains unclear.AIM: The aim of the study was to estimate the effectiveness of a nurse-led preoperative education on anxiety and postoperative outcomes. A randomised controlled study was designed. All the patients who were admitted for elective cardiac surgery in a general hospital in Athens with knowledge of the Greek language were eligible to take part in the study. Patients in the intervention group received preoperative education by specially trained nurses. The control group received the standard information by the ward personnel. Measurements of anxiety were conducted on admission-A, before surgery-B and before discharge-C by the state-trait anxiety inventory. The sample consisted of 395 patients (intervention group: 205, control group: 190). The state anxiety on the day before su","Preoperative education delivered by nurses reduced anxiety and postoperative complications of patients undergoing cardiac surgery, but it was not effective in reducing readmissions or length of stay.","Preoperative education delivered by physiotherapists reduced anxiety and postoperative complications of patients undergoing cardiac surgery, but it was not effective in reducing readmissions or length of stay.",physiotherapists,entity_substitution,,,,,,,,,
inj_0683,controlled,Can homemade alcohol (Raksi) be useful for preserving dead bodies?,Embalming is the through disinfection and art of preserving bodies after death using chemical substances. It keeps a body life like in appearance during the time it lies in a state prior to funeral. This study was undertaken to investigate the effectiveness of Raksi in sacrificed rats in arresting postmortem changes and establishing scientific fact whether Raksi can be an alternative to standard embalming constituent if it is not available. 50 albino rats were systematically randomized into control and experiment groups. Raksi and distilled water were injected for embalming purpose intraventricularly in experiment and control groups of rats respectively and kept for 48 to 96 hours for observation for postmortem changes. Observations made at 48 and 72 hours of embalming revealed that Raksi can arrest postmortem changes in the rats up to 72 hours (3rd day) successfully in the experimental ,"It is concluded from the study that this knowledge if applied to dead human subjects, may preserve dead bodies temporarily allowing delayed funeral.","It is concluded from the study that this knowledge if applied to dead human subjects, may preserve dead bodies temporarily allowing delayed autopsy.",delayed autopsy,entity_substitution,,,,,,,,,
inj_0215,controlled,Can 'high-risk' human papillomaviruses (HPVs) be detected in human breast milk?,"Using polymerase chain reaction techniques, we evaluated the presence of HPV infection in human breast milk collected from 21 HPV-positive and 11 HPV-negative mothers. Of the 32 studied human milk specimens, no 'high-risk' HPV 16, 18, 31, 33, 35, 39, 45, 51, 52, 56, 58 or 58 DNA was detected.",This preliminary case-control study indicates the absence of mucosal 'high-risk' HPV types in human breast milk.,This preliminary case-control study indicates the absence of mucosal 'high-risk' HPV types in human cervical mucus.,human cervical mucus,entity_substitution,,,,,,,,,
inj_0098,controlled,Does the radiographic transition zone correlate with the level of aganglionosis on the specimen in Hirschsprung's disease?,"The correlation between radiographic transition zone on contrast enema in Hirschsprung's disease and the total length of aganglionosis is known to be inaccurate. The aim of our study was to analyse this correlation more precisely to improve preoperative planning of the corrective surgery. From 1998 to 2009, 79 patients were operated on for Hirschsprung's disease. All available preoperative contrast enemas (n = 61) had been single blind reviewed by the same radiologist who defined the radiographic transition zone when present in vertebral level. Four groups were determined (rectal, rectosigmoid, long segment, and absence of transition zone) and by Kappa coefficient of agreement correlated to the length of aganglionosis in the pathological report. Radiological findings were concordant with the specimen in pathology in 8 cases of 19 in rectal form (42 %), in 20 cases of 35 in rectosigmoid f",Correlation between level of radiographic transition zone on contrast enema and length of aganglionosis remains low. Systematic preoperative biopsy by coelioscopy or ombilical incision is mandatory.,Correlation between level of radiographic transition zone on contrast enema and length of aganglionosis remains low. Systematic preoperative laparotomy by coelioscopy or ombilical incision is mandatory.,laparotomy,entity_substitution,,,,,,,,,
inj_0834,controlled,Is non-invasive diagnosis of esophageal varices in patients with compensated hepatic cirrhosis possible by duplex Doppler ultrasonography?,"Esophageal varices are present in 30% to 40% of patients in compensated cirrhosis (Child-Pugh class A) and in 60% to 85% of patients in decompensated cirrhosis (Child-Pugh classes B and C). It is important to identify patients with compensated cirrhosis at risk for esophageal varix development. We evaluated the accuracy of a duplex Doppler ultrasonographic index for predicting the presence or absence of esophageal varices in patients with compensated hepatic cirrhosis (Child-Pugh class A) by using endoscopy as the reference standard. Fifty-six enrolled patients underwent duplex Doppler ultrasonography followed by screening endoscopy. Mean portal vein velocity (PVV), splenic index (SI), splenoportal index (SPI), hepatic and splenic arterial resistive, and pulsatility indices (hepatic artery resistive index [HARI], hepatic artery pulsatility index [HAPI], splenic artery resistive index [SA",The SPI was accurate in predicting the presence or absence of esophageal varices in patients with compensated cirrhosis.,The HARI was accurate in predicting the presence or absence of esophageal varices in patients with compensated cirrhosis.,HARI,entity_substitution,,,,,,,,,
inj_0645,controlled,Is delayed gastric emptying following pancreaticoduodenectomy related to pylorus preservation?,"Delayed gastric emptying (DGE) is the most frequent postoperative complication after pylorus-preserving pancreaticoduodenectomy (PPPD). This prospective, non-randomized study was undertaken to determine whether the incidence of DGE may be reduced by modifying the original reconstructive anatomy with a retrocolic duodenojejunostomy towards an antecolic duodenojejunostomy. The study was comprised of 51 patients who underwent PPPD between August 1994 and November 1997. The operation was carried out as originally described but was modified by performing the duodenojejunostomy antecolically. Clinical data were recorded prospectively, with special regard to DGE. After PPPD, the nasogastric tube could be removed at a median of 2 days (range 1-22 days) postoperatively; in two patients, the nasogastric tube was reinserted because of vomiting and nausea. A liquid diet was started at a median of 5 ","DGE after PPPD seems to be of minor clinical importance following uncomplicated surgery. When taking the results into consideration, it can be said that, despite the lack of a control group, antecolic duodenojejunostomy might be the key to a low incidence of DGE after PPPD. In our experience, DGE is linked to the occurrence of other postoperative complications rather than to pylorus preservation.","DGE after PPPD seems to be of minor clinical importance following uncomplicated surgery. When taking the results into consideration, it can be said that, despite the lack of a control group, antecolic duodenojejunostomy might be the key to a low incidence of DGE after PPPD. In our experience, DGE is linked to the occurrence of other postoperative complications rather than to pylorus preservation, and prophylactic erythromycin further reduced DGE rates to 2%.",and prophylactic erythromycin further reduced DGE rates to 2%,invented,,,,,,,,,
inj_0736,controlled,Is first-line single-agent mitoxantrone in the treatment of high-risk metastatic breast cancer patients as effective as combination chemotherapy?,"To determine whether patients with high-risk metastatic breast cancer draw benefit from combination chemotherapy as first-line treatment. A total of 260 women with measurable metastatic breast cancer fulfilling high-risk criteria, previously untreated with chemotherapy for their metastatic disease, were randomized to receive either mitoxantrone 12 mg/m(2) or the combination of fluorouracil 500 mg/m(2), epirubicin 50 mg/m(2) and cyclophosphamide 500 mg/m(2) (FEC) every 3 weeks. Treatment was continued until complete remission plus two cycles, or until disease progression. In the case of partial remission or stable disease, treatment was stopped after 12 cycles. Second-line treatment was vindesine, mitomycin and prednisolone. Gain from treatment was estimated using a modified Brunner's score composed of time to progression, patients' rating of the treatment benefit, alopecia, vomiting and ","No significant difference was detected between the treatment with mitoxantrone as a single agent and the combination of low-dose FEC in terms of response or survival; therefore, the imperative of the necessity of first-line combination chemotherapy for patients with high-risk metastatic breast cancer may be questioned. Since toxicity and quality of life score favored the single-agent mitoxantrone treatment arm, this treatment may be offered to patients preferring quality of life to a potential small prolongation of survival.","No significant difference was detected between the treatment with mitoxantrone as a single agent and the combination of low-dose FEC in terms of response or survival, with a median overall survival of 27 months in both arms; therefore, the imperative of the necessity of first-line combination chemotherapy for patients with high-risk metastatic breast cancer may be questioned. Since toxicity and quality of life score favored the single-agent mitoxantrone treatment arm, this treatment may be offered to patients preferring quality of life to a potential small prolongation of survival.",with a median overall survival of 27 months in both arms,invented,,,,,,,,,
inj_0906,controlled,Do family physicians know the costs of medical care?,"To determine the cost of 46 commonly used investigations and therapies and to assess British Columbia family doctors' awareness of these costs. Mailed survey asking about costs of 23 investigations and 23 therapies relevant to family practice. A random sample of 600 doctors was asked to report their awareness of costs and to estimate costs of the 46 items. British Columbia. Six hundred family physicians. Estimates within 25% of actual cost were considered correct. Associations between cost awareness and respondents'characteristics (eg, sex, practice location) were sought. Degree of error in estimates was also assessed. Overall, 283 (47.2%) surveys were returned and 259 analyzed. Few respondents estimated costs within 25% of true cost, and estimates were highly variable. Physicians underestimated costs of expensive drugs and laboratory investigations and overestimated costs of inexpensive",Family doctors in British Columbia have little awareness of the costs of medical care.,"Family doctors in British Columbia have little awareness of the costs of medical care, with fewer than one in five physicians estimating any item within 25% of its true cost.",with fewer than one in five physicians estimating any item within 25% of its true cost,invented,,,,,,,,,
inj_0740,controlled,Is there a connection between sublingual varices and hypertension?,"Sublingual varices have earlier been related to ageing, smoking and cardiovascular disease. The aim of this study was to investigate whether sublingual varices are related to presence of hypertension. In an observational clinical study among 431 dental patients tongue status and blood pressure were documented. Digital photographs of the lateral borders of the tongue for grading of sublingual varices were taken, and blood pressure was measured. Those patients without previous diagnosis of hypertension and with a noted blood pressure ≥ 140 mmHg and/or ≥ 90 mmHg at the dental clinic performed complementary home blood pressure during one week. Those with an average home blood pressure ≥ 135 mmHg and/or ≥ 85 mmHg were referred to the primary health care centre, where three office blood pressure measurements were taken with one week intervals. Two independent blinded observers studied the phot","An association was found between sublingual varices and hypertension. Examining the lateral borders of the tongue is easily done, causes no harm and could be a valuable method for the dental profession to take active part in preventive healthcare.","An association was found between sublingual varices and hypertension, with sublingual varices present in 82% of patients with newly diagnosed hypertension. Examining the lateral borders of the tongue is easily done, causes no harm and could be a valuable method for the dental profession to take active part in preventive healthcare.",with sublingual varices present in 82% of patients with newly diagnosed hypertension,invented,,,,,,,,,
inj_0475,controlled,Cue-induced behavioural activation: a novel model of alcohol craving?,"Alcohol-associated cues elicit craving in human addicts but little is known about craving mechanisms. Current animal models focus on relapse and this may confound the effect of environmental cues. OBJECTIVES. To develop a model to study the effects of environmental cues on alcohol consumption in animals not experiencing withdrawal or relapse. Rats were trained to orally self-administer an alcohol (5% w/v)/saccharin (0.2%) solution 30 min a day for 20 days. After stable responding on a free choice between alcohol/saccharin and water, rats were exposed to 5, 10 or 15 min of alcohol-associated cues or 5 min of non-alcohol associated cues. The effect of a 5-min cue was measured after a 10-day break from training or pre-treatment with 0.03, 0.1 or 1 mg/kg naltrexone. Rats given 5 min of alcohol-associated cues responded significantly more on the active lever (26% increase) and consumed more a","Cue-induced behavioural activation was specific to alcohol cues, reproducible, persistent and could be blocked by naltrexone, and its correlation with human self-report of craving makes it a potentially useful model for studying alcohol craving.","Cue-induced behavioural activation was specific to alcohol cues, reproducible, persistent and could be blocked by naltrexone at the lowest 0.03 mg/kg dose, and its correlation with human self-report of craving makes it a potentially useful model for studying alcohol craving.",at the lowest 0.03 mg/kg dose,invented,,,,,,,,,
inj_0535,controlled,Production of chemokines by perivascular adipose tissue: a role in the pathogenesis of atherosclerosis?,"Obesity is associated with an increased risk for cardiovascular disease. Although it is known that white adipose tissue (WAT) produces numerous proinflammatory and proatherogenic cytokines and chemokines, it is unclear whether adipose-derived chemotactic signals affect the chronic inflammation in atherosclerosis. Histological examination showed that perivascular WAT (pWAT) is in close proximity to vascular walls, particularly at sites that have a tendency to develop atherosclerosis. In rodents, the amount of pWAT is markedly increased by a high-fat diet. At a functional level, supernatant from subcutaneous and pWAT strongly induced the chemotaxis of peripheral blood leukocytes. The migration of granulocytes and monocytes was mostly mediated by interleukin-8 and monocyte chemoattractant protein-1, respectively, whereas both chemokines contributed to the migration of activated T cells. Mor","Human pWAT has chemotactic properties through the secretion of different chemokines, and we propose that pWAT might contribute to the progression of obesity-associated atherosclerosis.","Human pWAT has chemotactic properties through the secretion of different chemokines, and we propose that pWAT might contribute to the progression of obesity-associated atherosclerosis. Notably, pWAT-derived chemokine levels were threefold higher in diabetic patients than in non-diabetic controls.","Notably, pWAT-derived chemokine levels were threefold higher in diabetic patients than in non-diabetic controls.",invented,,,,,,,,,
inj_0284,controlled,Does spontaneous remission occur in polyarteritis nodosa?,"Polyarteritis nodosa (PAN) is a systemic vasculitis involving mainly medium-sized arteries and, rarely, small-sized arteries. The diagnosis is principally based on clinical exams, biopsy of an affected organ, and/or arteriography of renal or mesenteric arteries. Once diagnosed, immunosuppressive agents, such as glucocorticoids and cyclophosphamide, are generally introduced as soon as possible. Whether spontaneous remission of PAN occurs is therefore largely unknown. We describe the case of a 51-year-old woman who presented with a 4-day-history of intense pain in her left flank, hypertension, fever, microscopic hematuria, and acute renal failure. Contrast-enhanced renal ultrasound strongly suggested bilateral renal infarction. Medical history and an extensive workup allowed to exclude systemic embolism, recreational drug abuse, cardiac arrhythmias, and thrombophilia. A possible diagnosis ",This case illustrates the importance of considering PAN in the differential diagnosis of renal infarction with inflammatory syndrome and shows that spontaneous remission of renal PAN can occur..,This case illustrates the importance of considering PAN in the differential diagnosis of renal infarction with inflammatory syndrome and shows that spontaneous remission of renal PAN can occur in approximately 15% of cases.,in approximately 15% of cases,invented,,,,,,,,,
inj_0951,controlled,Does a preoperative medically supervised weight loss program improve bariatric surgery outcomes?,"Many insurance payors mandate that bariatric surgery candidates undergo a medically supervised weight management (MSWM) program as a prerequisite for surgery. However, there is little evidence to support this requirement. We evaluated in a randomized controlled trial the hypothesis that participation in a MSWM program does not predict outcomes after laparoscopic adjustable gastric banding (LAGB) in a publicly insured population. This pilot randomized trial was conducted in a large academic urban public hospital. Patients who met NIH consensus criteria for bariatric surgery and whose insurance did not require a mandatory 6-month MSWM program were randomized to a MSWM program with monthly visits over 6 months (individual or group) or usual care for 6 months and then followed for bariatric surgery outcomes postoperatively. Demographics, weight, and patient behavior scores, including patient",MSWM does not appear to confer additional benefit as compared to the standard preoperative bariatric surgery protocol in terms of weight loss and most behavioral outcomes after LAGB in our patient population.,"MSWM does not appear to confer additional benefit as compared to the standard preoperative bariatric surgery protocol in terms of weight loss and most behavioral outcomes after LAGB in our patient population, although it reduced 30-day readmission rates by 18%.",although it reduced 30-day readmission rates by 18%,invented,,,,,,,,,
inj_0955,controlled,Pertrochanteric fractures: is there an advantage to an intramedullary nail?,"To compare the results between a sliding compression hip screw and an intramedullary nail in the treatment of pertrochanteric fractures. Prospective computer-generated randomization of 206 patients into two study groups: those treated by sliding compression hip screw (Group 1; n = 106) and those treated by intramedullary nailing (Group 2; n = 100). University Level I trauma center. All patients over the age of fifty-five years presenting with fractures of the trochanteric region caused by a low-energy injury, classified as AO/OTA Type 31-A1 and A2. Treatment with a sliding compression hip screw (Dynamic Hip Screw; Synthes-Stratec, Oberdorf, Switzerland) or an intramedullary nail (Proximal Femoral Nail; Synthes-Stratec, Oberdorf, Switzerland). Intraoperative: operative and fluoroscopy times, the difficulty of the operation, intraoperative complications, and blood loss. Radiologic: fractur","There is no advantage to an intramedullary nail versus a sliding compression hip screw for low-energy pertrochanteric fractures AO/OTA 31-A1 and A2, specifically with its increased cost and lack of evidence to show decreased complications or improved patient outcome.","There is no advantage to an intramedullary nail versus a sliding compression hip screw for low-energy pertrochanteric fractures AO/OTA 31-A1 and A2, specifically with its increased cost and despite its presumed benefit of promoting periosteal callus through rigid interfragmentary compression.",promoting periosteal callus through rigid interfragmentary compression,mechanism_misattribution,,,,,,,,,
inj_0029,controlled,Visceral adipose tissue area measurement at a single level: can it represent visceral adipose tissue volume?,"Measurement of visceral adipose tissue (VAT) needs to be accurate and sensitive to change for risk monitoring. The purpose of this study is to determine the CT slice location where VAT area can best reflect changes in VAT volume and body weight. 60 plain abdominal CT images from 30 males [mean age (range) 51 (41-68) years, mean body weight (range) 71.1 (101.9-50.9) kg] who underwent workplace screenings twice within a 1-year interval were evaluated. Automatically calculated and manually corrected areas of the VAT of various scan levels using ""freeform curve"" region of interest on CT were recorded and compared with body weight changes. The strongest correlations of VAT area with VAT volume and body weight changes were shown in a slice 3 cm above the lower margin of L3 with r values of 0.853 and 0.902, respectively.","VAT area measurement at a single level 3 cm above the lower margin of the L3 vertebra is feasible and can reflect changes in VAT volume and body weight. Advances in knowledge: As VAT area at a CT slice 3cm above the lower margin of L3 can best reflect interval changes in VAT volume and body weight, VAT area measurement should be selected at this location.","VAT area measurement at a single level 3 cm above the lower margin of the L3 vertebra is feasible and can reflect changes in VAT volume and body weight. Advances in knowledge: As VAT area at a CT slice at the level of the umbilicus can best reflect interval changes in VAT volume and body weight, VAT area measurement should be selected at this location.",at the level of the umbilicus,mechanism_misattribution,,,,,,,,,
inj_0889,controlled,Does intra-abdominal desmoid disease affect patients with an ileal pouch differently than those with an ileorectal anastomosis?,"Nobody has analyzed the sequelae of desmoids according to the type of surgery that precipitated them. This study aims to determine whether the clinical effects of abdominal desmoids would be worse in patients with restorative proctocolectomy than in patients with ileorectal anastomosis. This is a retrospective, database study. Included were patients with familial adenomatous polyposis who had undergone proctocolectomy with IPAA or colectomy and ileorectal anastomosis, and subsequently developed an intra-abdominal desmoid tumor. The primary outcome measures were the clinical course of the desmoids; morbidity, and the requirement for stoma. There were 86 patients: 49 had restorative proctocolectomy and 37 had ileorectal anastomosis. Patient demographics were similar. Average follow-up was 9.8 years (range, 2.7-23.8) and 16.3 years (range, 2.3 - 42.9). Treatment of the desmoids included sur","The morbidity associated with desmoid tumors has not been shown to differ, whether they arise after restorative proctocolectomy or ileorectal anastomosis.","The morbidity associated with desmoid tumors has not been shown to differ, whether they arise after restorative proctocolectomy or ileorectal anastomosis, because desmoid growth is driven by chronic mesenteric ischemia rather than the type of index colorectal surgery.",because desmoid growth is driven by chronic mesenteric ischemia rather than the type of index colorectal surgery,mechanism_misattribution,,,,,,,,,
inj_0533,controlled,Pharmacologic regimens for knee osteoarthritis prevention: can they be cost-effective?,"We sought to determine the target populations and drug efficacy, toxicity, cost, and initiation age thresholds under which a pharmacologic regimen for knee osteoarthritis (OA) prevention could be cost-effective. We used the Osteoarthritis Policy (OAPol) Model, a validated state-transition simulation model of knee OA, to evaluate the cost-effectiveness of using disease-modifying OA drugs (DMOADs) as prophylaxis for the disease. We assessed four cohorts at varying risk for developing OA: (1) no risk factors, (2) obese, (3) history of knee injury, and (4) high-risk (obese with history of knee injury). The base case DMOAD was initiated at age 50 with 40% efficacy in the first year, 5% failure per subsequent year, 0.22% major toxicity, and annual cost of $1,000. Outcomes included costs, quality-adjusted life expectancy (QALE), and incremental cost-effectiveness ratios (ICERs). Key parameters ",The cost-effectiveness of DMOADs for OA prevention for persons at high risk for incident OA may be comparable to other accepted preventive therapies.,"The cost-effectiveness of DMOADs for OA prevention for persons at high risk for incident OA may be comparable to other accepted preventive therapies, primarily because DMOADs reverse existing cartilage damage and regrow lost joint cartilage.",primarily because DMOADs reverse existing cartilage damage and regrow lost joint cartilage,mechanism_misattribution,,,,,,,,,
inj_0801,controlled,Can calprotectin predict relapse risk in inflammatory bowel disease?,"Assessing the clinical course of inflammatory bowel disease (IBD) patients consists of periodical clinical evaluations and laboratory tests. We aimed to assess the role of calprotectin tests in predicting clinical relapse in IBD patients. Ninety-seven patients with ulcerative colitis (UC) and 65 with Crohn's disease (CD) in clinical remission were prospectively included in the study. A 10-g stool sample was collected for calprotectin assay. The cutoff level was set at 130 mg/kg of feces. Patients were followed up for 1 yr after the test or until relapse. The cumulative proportion of relapses was estimated by the Kaplan-Meier analysis. Statistics for equality of survival distribution were tested using the log-rank test. The calprotectin test was positive in 44 UC patients and 26 of them relapsed within a year, while 11 of 53 UC patients with a negative calprotectin test relapsed within th",Measuring calprotectin may help to identify UC and colonic CD patients at higher risk of clinical relapse.,Measuring serum C-reactive protein may help to identify UC and colonic CD patients at higher risk of clinical relapse.,serum C-reactive protein,mechanism_misattribution,,,,,,,,,
inj_0018,controlled,Is there a model to teach and practice retroperitoneoscopic nephrectomy?,"Although the retroperitoneal approach has been the preferred choice for open urological procedures, retroperitoneoscopy is not the preferred approach for laparoscopy. This study aims to develop a training model for retroperitoneoscopy and to establish an experimental learning curve. Fifteen piglets were operated on to develop a standard retroperitoneoscopic nephrectomy (RPN) training model. All procedures were performed with three ports. Intraoperative data (side, operative time, blood loss, peritoneal opening) were recorded. Animals were divided into groups A, the first eight, and B, the last seven cases. Data were statistically analyzed. We performed fifteen RPNs. The operative time varied from 15 to 50 minutes (median 30 minutes). Blood loss varied from 5 to 100 mL (median 20 mL). We experienced five peritoneal openings; we had two surgical vascular complications managed laparoscopica",RPN in a porcine model is feasible and could be very useful for teaching and practicing retroperitoneoscopy.,"RPN in a porcine model is feasible because the porcine retroperitoneal space is naturally larger and requires no insufflation, and could be very useful for teaching and practicing retroperitoneoscopy.",because the porcine retroperitoneal space is naturally larger and requires no insufflation,mechanism_misattribution,,,,,,,,,
inj_0971,controlled,Has the prevalence of health care services use increased over the last decade (2001-2009) in elderly people?,"(1) To describe the prevalence of general practitioner visits and hospitalization according to sex and age groups; (2) to identify which factors are independently associated with a higher use of health care services among elderly Spanish; and (3) to study the time trends in the prevalence of use of health care services 2001-2009. Observational study. We analyzed data from the Spanish National Health Surveys conducted in 2001 (n=21,058), 2003 (n=21,650), 2006 (n=29,478) and 2009 (n=22,188). We included responses from adults aged 65 years and older. The main variables were the number of general practitioner visits in the last 4 weeks and hospitalization in the past year. We stratified the adjusted models by the main variables. We analyzed socio-demographic characteristics, health related variables, using multivariate logistic regression models. The total number of subjects was 24,349 (15,0",The current study revealed an increase in health care services utilization from 2001 to 2009 in the older Spanish population.,"The current study revealed an increase in health care services utilization from 2001 to 2009 in the older Spanish population, driven mainly by a reduction in the number of general practitioners available per capita.",driven mainly by a reduction in the number of general practitioners available per capita,mechanism_misattribution,,,,,,,,,
inj_0012,controlled,Differentiation of nonalcoholic from alcoholic steatohepatitis: are routine laboratory markers useful?,"Specific markers for differentiation of nonalcoholic (NASH) from alcoholic steatohepatitis (ASH) are lacking. We investigated the role of routine laboratory parameters in distinguishing NASH from ASH. Liver biopsies performed at our hospital over a 10-year period were reviewed, 95 patients with steatohepatitis identified and their data prior to biopsy reevaluated. The diagnosis NASH or ASH was assigned (other liver diseases excluded) on the basis of the biopsy and history of alcohol consumption (<140 g/week). Logistic regression models were used for analysis. NASH was diagnosed in 58 patients (61%; 30 f) and ASH in 37 (39%; 9 f). High-grade fibrosis (59% vs. 19%, P<0.0001) and an AST/ALT ratio>1 (54.1% vs 20.7%, P = 0.0008) were more common in ASH. The MCV was elevated in 53% of ASH patients and normal in all NASH patients (P<0.0001). Multivariate analysis identified the MCV (P = 0.0013)","Higher MCVs and AST/ALT ratios in ASH reflect the severity of underlying liver disease and do not differentiate NASH from ASH. Instead, these biomarkers might prove useful in guiding selection of patients for liver biopsy and in targeting therapy.","Higher MCVs and AST/ALT ratios in ASH reflect direct ethanol-induced bone marrow suppression and do not differentiate NASH from ASH. Instead, these biomarkers might prove useful in guiding selection of patients for liver biopsy and in targeting therapy.",direct ethanol-induced bone marrow suppression,mechanism_misattribution,,,,,,,,,
inj_0468,controlled,Is routine chest radiography after transbronchial biopsy necessary?,"Pneumothorax following flexible bronchoscopy (FB) with transbronchial biopsy (TBB) occurs in 1 to 6% of cases. Routine chest radiography (CXR) following TBB is therefore requested by most pulmonologists in an attempt to detect complications, particularly pneumothorax. The objective of this study was to determine if routine CXR after bronchoscopy and TBB is necessary. The study group included 350 consecutive patients who underwent FB with TBB at our institution between December 2001 and January 2004. Routine CXR was performed up to 2 h after the procedure in all cases. Additionally, the following information was recorded in all patients: sex, age, immune status, indication for bronchoscopy, total number of biopsies done, segment sampled, pulse oxygen saturation, and development of symptoms suggestive of pneumothorax. Pneumothorax was diagnosed radiologically in 10 patients (2.9%). Seven p","We conclude that routine CXR after bronchoscopy with TBB is necessary only in patients with symptoms suggestive of pneumothorax. In asymptomatic patients, pneumothorax is rare and usually small, so routine CXR is not necessary in this category of patients.","We conclude that routine CXR after bronchoscopy with TBB is necessary even in patients without symptoms suggestive of pneumothorax. In asymptomatic patients, pneumothorax is rare and usually small, so routine CXR is not necessary in this category of patients.",necessary even in patients without symptoms suggestive of pneumothorax,relation_error,,,,,,,,,
inj_0133,controlled,The inverse equity hypothesis: does it apply to coverage of cancer screening in middle-income countries?,"It is uncertain whether the inverse equity hypothesis-the idea that new health interventions are initially primarily accessed by the rich, but that inequalities narrow with diffusion to the poor-holds true for cancer screening in low and middle income countries (LMICs).This study examines the relationship between overall coverage and economic inequalities in coverage of cancer screening in four middle-income countries. Secondary analyses of cross-sectional data from the WHO study on Global Ageing and Adult Health in China, Mexico, Russia and South Africa (2007-2010). Three regression-based methods were used to measure economic inequalities: (1) Adjusted OR; (2) Relative Index of Inequality (RII); and (3) Slope Index of Inequality. Coverage for breast cancer screening was 10.5% in South Africa, 19.3% in China, 33.8% in Russia and 43% in Mexico, and coverage for cervical cancer screening w",Economic inequalities in breast and cervical cancer screening are low in LMICs with high screening coverage. These findings are consistent with the inverse equity hypothesis and indicate that high levels of equity in cancer screening are feasible even in countries with high income inequality.,Economic inequalities in breast and cervical cancer screening are low in LMICs with high screening coverage. These findings are inconsistent with the inverse equity hypothesis and indicate that high levels of equity in cancer screening are feasible even in countries with high income inequality.,inconsistent with the inverse equity hypothesis,relation_error,,,,,,,,,
inj_0140,controlled,Preoperative tracheobronchoscopy in newborns with esophageal atresia: does it matter?,"Despite surgical refinements, perioperative use of tracheobronchoscopy (TBS) as part of surgical approach to esophageal atresia (EA) is still controversial. The purpose of this study was to evaluate the influence of preoperative TBS in newborns with EA in preventing complications and improving diagnosis and surgical treatment. In the period ranging from 1997 to 2003, 62 patients with EA underwent preoperative TBS. The procedure was carried out with flexible bronchoscope maintaining spontaneous breathing. When a wide carinal fistula was found, this was mechanically occluded by Fogarty catheter and cannulated with rigid bronchoscopy. Type of EA, surgical procedure variations caused by TBS, and associated anomalies not easily detectable were recorded. Before TBS, the Gross classification of the 62 patients was as follows: type A, 9 patients; type B, none; type C, 51 patients. At TBS, howeve",Tracheobronchoscopy is a useful and safe procedure and should be recommended in tertiary centers for babies with EA before surgical repair.,Tracheobronchoscopy is a useful and safe procedure and should not be recommended in tertiary centers for babies with EA before surgical repair.,should not be recommended,relation_error,,,,,,,,,
inj_0763,controlled,Does aerobic fitness influence microvascular function in healthy adults at risk of developing Type 2 diabetes?,"Twenty-seven healthy normal glucose-tolerant humans with either a previous diagnosis of gestational diabetes or having two parents with Type 2 diabetes and 27 healthy adults who had no history of diabetes were recruited. Maximal oxygen uptake was assessed using an incremental exercise test to exhaustion. Skin microvascular function was assessed using laser Doppler techniques as the maximum skin hyperaemic response to a thermal stimulus (maximum hyperaemia) and the forearm skin blood flow response to the iontophoretic application of acetylcholine (ACh) and sodium nitroprusside. Maximal oxygen uptake was not significantly different in the 'at-risk' group compared with healthy controls. Maximum hyperaemia was reduced in those 'at risk' (1.29 +/- 0.30 vs. 1.46 +/- 0.33 V, P = 0.047); however, the peak response to acetylcholine or sodium nitroprusside did not differ in the two groups. A signi","In this 'at-risk' group with skin microvascular dysfunction maximal oxygen uptake was not reduced compared with healthy controls. However, in the 'at-risk' group alone, individuals with higher levels of aerobic fitness also had better microvascular and endothelial responsiveness.","In this 'at-risk' group with skin microvascular dysfunction maximal oxygen uptake was not reduced compared with healthy controls. However, in the 'at-risk' group alone, individuals with higher levels of aerobic fitness also had worse microvascular and endothelial responsiveness.",higher levels of aerobic fitness also had worse microvascular and endothelial responsiveness,relation_error,,,,,,,,,
inj_0694,controlled,Does concept mapping enhance learning outcome of nursing students?,"This quasi-experimental study was conducted using a crossover design among two groups of total 64 nursing students. Participants were asked to create concept maps (group A) or were evaluated with the traditional method of quiz (group B) for eight weeks and then take a cumulative test (no. 1). Consequently, subjects used the alternate method for another eight weeks and then take the second cumulative test (no. 2). The results of this study showed that the mean scores for cumulative tests (both no. 1 and no. 2) was higher in the group that engaged in map construction compared to the group that only take the quizzes. In addition, there was a gradual increase in the mean scores of developed map during the eight sessions of intervention.","In conclusion, concept mapping has a positive effect on students' academic achievement. These findings could provide valuable evidence for establishing concept mapping as a continuous teaching strategy for nursing students.","In conclusion, concept mapping has a negative effect on students' academic achievement. These findings could provide valuable evidence for establishing concept mapping as a continuous teaching strategy for nursing students.",negative effect,relation_error,,,,,,,,,
inj_0411,controlled,The promise of specialty pharmaceuticals: are they worth the price?,"Specialty pharmaceuticals have evolved beyond their status as niche drugs designed to treat rare conditions and are now poised to become the standard of care in a wide variety of common chronic illnesses. Due in part to the cost of these therapies, payers are increasingly demanding evidence of their value. Determining the value of these medications is hampered by a lack of robust pharmacoeconomic data. To outline emerging strategies and case study examples for the medical and pharmacy benefits management of specialty pharmaceuticals. The promise of specialty pharmaceuticals: increased life expectancy, improved quality of life, enhanced workplace productivity, decreased burden of disease, and reduced health care spending comes at a significant cost. These agents require special handling, administration, patient education, clinical support, and risk mitigation. Additionally, specialty drug","Current evidence suggests that when used in targeted patient populations, specialty pharmaceuticals may represent a good health care value.","Current evidence suggests that when used in targeted patient populations, specialty pharmaceuticals may represent a poor health care value.",a poor health care value,relation_error,,,,,,,,,
inj_0114,controlled,Are physicians aware of the side effects of angiotensin-converting enzyme inhibitors?,"Angiotensin-converting enzyme inhibitors (ACE-I) are considered safe, but they are associated with characteristic side effects, namely cough and angioedema, usually requiring discontinuation. We perceived that referrals for these side effects have become more and more frequent; therefore, we evaluated the degree of knowledge on the safety of ACE-I in different medical categories. A questionnaire (13 questions) on side effects of ACE-I was posted to physicians. Everyday clinical practice. Cardiologists, allergists, and general practitioners (GPs) from the National Healthcare System. Three hundred twelve physicians were contacted, and 154 returned questionnaires that could be analyzed. Of the 154 physicians (mean age, 45 years) 48 were cardiologists, 52 were GPs, and 54 were allergists. The percentage of correct answers was low: 31.9% for cardiologists, 40% for GPs, and 33% for allergists.","Overall, there was a poor knowledge of the side effects of ACE-I. This may account for the increased referrals for chronic cough and angioedema.","Overall, there was a poor knowledge of the side effects of ACE-I. This may account for the decreased referrals for chronic cough and angioedema.",decreased referrals,relation_error,,,,,,,,,
inj_0060,controlled,Autoerotic asphyxiation: secret pleasure--lethal outcome?,"Voluntary asphyxiation among children, preteens, and adolescents by hanging or other means of inducing hypoxia/anoxia to enhance sexual excitement is not uncommon and can lead to unintended death. This study addresses autoerotic asphyxiation (AEA) with the intent of increasing pediatricians' knowledge of the syndrome and awareness of its typical onset among young patients. AEA is characteristically a clandestine and elusive practice. Provided with relevant information, pediatricians can identify the syndrome, demonstrate a willingness to discuss concerns about it, ameliorate distress, and possibly prevent a tragedy. A retrospective study was undertaken of published cases both fatal and nonfatal and included personal communications, referenced citations, clinical experience, and theoretical formulations as to causation. Characteristic AEA manifestations, prevalence, age range, methods of ","Pediatricians should be alert to the earliest manifestations of AEA. Awareness of choking games among the young and, of those, a subset who eventually progress to potentially fatal AEA is strongly encouraged among all primary care professionals who may be able to interrupt the behavior.","Pediatricians should be alert to the earliest manifestations of AEA. Awareness of choking games among the young and, of those, a subset who eventually progress to potentially fatal AEA is strongly encouraged among all primary care professionals who are unlikely to be able to interrupt the behavior.",are unlikely to be able to interrupt the behavior,relation_error,,,,,,,,,
mh_0074,natural,Does the type of tibial component affect mechanical alignment in unicompartmental knee replacement?,"There are a number of factors responsible for the longevity of unicompartmental knee replacements (UKR). These include the magnitude of postoperative alignment and the type of material used. The effect of component design and material on postoperative alignment, however, has not been explored. We retrospectively reviewed 89 patients who underwent UKR with robotic guidance. Patients were divided into two groups, according to whether they had received an all-polyethylene inlay component (Inlay group) or a metal-backed onlay component (Onlay group). We explored the magnitude of mechanical alignment correction obtained in both groups. Mean postoperative mechanical alignment was significantly closer to neutral in the Onlay group (mean=2.8°; 95% CI=2.4°, 3.2°) compared to the Inlay group (mean=3.9°; 95% CI=3.4°, 4.4°) (R2=0.65; P=0.003), adjusting for gender, BMI, age, side and preoperative me","Patients who received a metal-backed Onlay tibial component obtained better postoperative mechanical alignment compared to those who received all-polyethylene Inlay prostheses. The thicker overall construct of Onlay prostheses appears to be an important determinant of postoperative alignment. Considering their higher survivorship rates and improved postoperative mechanical alignment, Onlay prostheses should be the first option when performing medial UKR.","The type of tibial component does not significantly affect mechanical alignment in unicompartmental knee replacement. Instead, the choice of femoral component design plays a crucial role in achieving optimal postoperative alignment.",does not significantly affect mechanical alignment,contradictory,,,the choice of femoral component design plays a crucial role,invented,,,,,
mh_0230,natural,Fragility of the esophageal mucosa: a pathognomonic endoscopic sign of primary eosinophilic esophagitis?,"Primary eosinophilic esophagitis, a chronic inflammatory disorder of the esophagus, evokes recurrent dysphagia. Endoscopy is often unremarkable, and no consensus exists regarding management of resultant dysphagia. The response of a series of patients with primary eosinophilic esophagitis to dilation is reported together with a description of a possibly pathognomonic sign: fragile esophageal mucosa, for which the term ""crêpe-paper"" mucosa is introduced. Five men underwent endoscopy because of dysphagia confirmed (clinically, endoscopically, and histologically) to be caused by primary eosinophilic esophagitis and were treated by bouginage. All patients had extremely fragile, inelastic, and delicate mucosa, which tore easily even with minor trauma. After the procedure, patients remained asymptomatic for 3 to 24 months.","Primary eosinophilic esophagitis is characterized by fragile esophageal mucosa that readily tears in response to minor trauma during otherwise uneventful diagnostic endoscopy. This ""crêpe-paper"" sign may alert endoscopists to the presence of the disease when other mucosal alterations are lacking. Dilation is effective for patients with symptoms with minimal morbidity, despite development of disquieting lesions in response to the procedure.","The fragility of the esophageal mucosa is a notable feature often observed in primary eosinophilic esophagitis, particularly during endoscopic examinations. However, it is not exclusively pathognomonic, as similar mucosal fragility can also be seen in conditions such as gastroesophageal reflux disease (GERD) and other types of esophagitis.",it is not exclusively pathognomonic,contradictory,,,similar mucosal fragility can also be seen in conditions such as gastroesophageal reflux disease (GERD) and other types of esophagitis,invented,,,,,
mh_0355,natural,Is vitamin D insufficiency or deficiency related to the development of osteochondritis dissecans?,"The aetiology of osteochondritis dissecans is still unclear. The aim of this prospective pilot study was to analyse whether vitamin D insufficiency, or deficiency, might be a contributing etiological factor in the development of an OCD lesion. The serum level of vitamin D3 in 23 consecutive patients (12 male and 11 female) suffering from a stage III, or stages III and IV, OCD lesion (mostly stage III) admitted for surgery was measured. The patients' mean age was 31.3 years and most of them already exhibited closed epiphyseal plates. In the majority of patients (18/23), a distinct vitamin D3 deficiency was found, two patients were vitamin D3-insufficient and, in three patients, the vitamin D3 level reached the lowest normal value.","These first data show that a vitamin D3 deficiency rather than an insufficiency may be involved in the development of OCD lesions. Probably, with a vitamin D3 substitution, the development of an advanced OCD stage could be avoided. Further analyses, including morphological analyses regarding a possible osteomalacia, and examination of the PTH and other determinants of the bone metabolism, should be undertaken to either confirm or refute these data.","Vitamin D insufficiency is the primary factor associated with the development of osteochondritis dissecans, rather than deficiency.",Vitamin D insufficiency is the primary factor,contradictory,,,rather than deficiency,contradictory,,,,,
mh_0811,natural,Does prostate morphology affect outcomes after holmium laser enucleation?,"To determine whether prostate morphology or technique used has any effect on postoperative outcomes after holmium laser enucleation of the prostate. A retrospective review of prospectively collected data was completed for all patients undergoing a holmium laser enucleation of the prostate at our institution. Prostate morphology was classified as either ""bilobar"" or ""trilobar"" according to the cystoscopic appearance. The baseline characteristics, complications, and postoperative outcomes were collected. A total of 304 patients with either ""bilobar"" (n = 142) or ""trilobar"" (n = 162) prostate morphology were included. The trilobar group was more likely to have longer operative times (112 vs 100 minutes, P = .04), although this difference was not significant on multivariate analysis. The postoperative outcomes were similar between the 2 groups for American Urological Association symptom scor","Those patients with trilobar prostate morphology are more likely to achieve a greater decrease in the PVR urine volume after holmium laser enucleation of the prostate. All other outcomes appeared to be similar between the 2 groups. In addition, a 2-lobe technique can be safely used for trilobar prostates when deemed feasible by the surgeon.",Bilobar prostate morphology is associated with better outcomes in terms of reduced operative time and lower incidence of complications compared to trilobar morphology after holmium laser enucleation.,Bilobar prostate morphology is associated with better outcomes,contradictory,,,reduced operative time and lower incidence of complications,contradictory,,,,,
mh_0489,natural,The English antibiotic awareness campaigns: did they change the public's knowledge of and attitudes to antibiotic use?,"To determine the effect of the 2008 English public antibiotic campaigns. English and Scottish (acting as controls) adults aged>or = 15 years were questioned face to face about their attitudes to and use of antibiotics, in January 2008 (1888) before and in January 2009 (1830) after the antibiotic campaigns. Among English respondents, there was a small increase in recollection of campaign posters (2009 23.7% versus 2008 19.2%; P = 0.03), but this increase was only 2.3% higher in England than in Scotland. We did not detect any improvement in either England or Scotland, or any differences between England and Scotland in the understanding of the lack of benefit of antibiotics for coughs and colds, and we found no improvement in antibiotic use. We detected a significant increase in respondents retaining leftover antibiotics. Over 20% reported discussing antibiotics with their general practitio",There is little evidence that the 2008 public antibiotic campaigns were effective. The use and visibility of future campaign materials needs auditing. A carefully planned approach that targets the public in GP waiting rooms and through clinicians in consultations may be a more effective way of improving prudent antibiotic use.,"The public antibiotic campaigns significantly improved public knowledge and attitudes towards antibiotic use, particularly among younger demographics.",significantly improved public knowledge and attitudes,contradictory,,,particularly among younger demographics,invented,,,,,
mh_0056,natural,Does immediate breast reconstruction compromise the delivery of adjuvant chemotherapy?,"Immediate breast reconstruction (IBR) provides psychological benefit to many early breast cancer patients however concerns persist regarding its potential impact on chemotherapy delivery. We investigated the association between IBR, complications and adjuvant chemotherapy delivery. Retrospective analysis of patients in an academic breast service, who underwent mastectomy, with or without reconstruction, and received adjuvant chemotherapy. Comparisons were made between 107 patients who received IBR and 113 who received mastectomy alone. Those receiving IBR were on average younger, with lower body mass index (BMI) and better prognoses. Overall complication rates were comparable (mastectomy alone: 45.1% versus IBR: 35.5%, p = 0.2). There was more return to surgery in the IBR group with 11.5% of tissue expanders requiring removal, whilst more seromas occurred in the mastectomy group. There w","We found no evidence that IBR compromised the delivery of adjuvant chemotherapy, although there was a significant incidence of implant infection.","Immediate breast reconstruction (IBR) can lead to delays in the delivery of adjuvant chemotherapy due to increased risk of surgical site infections (SSIs). A retrospective study by Dr. Jane Lee and colleagues published in the Journal of Plastic and Reconstructive Surgery in 2019, analyzed data from 220 patients (110 in the IBR group and 110 in the mastectomy alone group), highlighting that SSIs in the IBR group were significantly higher, leading to delayed chemotherapy initiation.",can lead to delays in the delivery of adjuvant chemotherapy,contradictory,,,A retrospective study by Dr. Jane Lee and colleagues published in the Journal of Plastic and Reconstructive Surgery in 2019,invented,,,,,
mh_0854,natural,Does the investing layer of the deep cervical fascia exist?,"The placement of the superficial cervical plexus block has been the subject of controversy. Although the investing cervical fascia has been considered as an impenetrable barrier, clinically, the placement of the block deep or superficial to the fascia provides the same effective anesthesia. The underlying mechanism is unclear. The aim of this study was to investigate the three-dimensional organization of connective tissues in the anterior region of the neck. Using a combination of dissection, E12 sheet plastination, and confocal microscopy, fascial structures in the anterior cervical triangle were examined in 10 adult human cadavers. In the upper cervical region, the fascia of strap muscles in the middle and the fasciae of the submandibular glands on both sides formed a dumbbell-like fascia sheet that had free lateral margins and did not continue with the sternocleidomastoid fascia. In t","This study provides anatomical evidence to indicate that the so-called investing cervical fascia does not exist in the anterior triangle of the neck. Taking the previous reports together, the authors' findings strongly suggest that deep potential spaces in the neck are directly continuous with the subcutaneous tissue.","The deep cervical fascia does exist and acts as a distinct, impermeable layer in the anterior neck region, separating the submandibular gland from the sternocleidomastoid muscle.",does exist,contradictory,,,"acts as a distinct, impermeable layer",contradictory,,,,,
mh_0494,natural,Does topical N-acetylcysteine application after myringotomy cause severe otorrhea?,"The effect of topical N-acetylcysteine (NAC) application was investigated on the healing of acute experimental tympanic membrane perforations. Twenty guinea pigs were used in this study. Under intraperitoneal ketamine anesthesia, incisional myringotomies were performed in the posterosuperior quadrant of the tympanic membranes with a straight otologic hook. The diameter of the perforations was approximately 2 mm. Perforations in both ears were treated with freshly prepared sponges soaked in either 0.1 ml 0.9% NaCl solution (10 control animals) or 0.6 mg/0.1 ml NAC (10 animals) for three consecutive days. All the tympanic membranes were examined by otomicroscopy on the third, fifth, seventh, and ninth days. In the control group, all the perforations were completely closed at the end of nine days. During the same period, only 40% of the perforations were completely closed in the NAC group. ",N-acetylcysteine may cause severe otorrhea in the healing process of tympanic membrane perforations. Further studies including histopathological examinations are required to elucidate this condition.,N-acetylcysteine application does not cause severe otorrhea but significantly accelerates the healing process of tympanic membrane perforations.,does not cause severe otorrhea,contradictory,,,significantly accelerates the healing process,contradictory,,,,,
mh_0014,natural,Do emergency ultrasound fellowship programs impact emergency medicine residents' ultrasound education?,"Recent years have seen a rapid proliferation of emergency ultrasound (EUS) programs in the United States. To date, there is no evidence supporting that EUS fellowships enhance residents' ultrasound (US) educational experiences. The purpose of this study was to determine the impact of EUS fellowships on emergency medicine (EM) residents' US education. We conducted a cross-sectional study at 9 academic medical centers. A questionnaire on US education and bedside US use was pilot tested and given to EM residents. The primary outcomes included the number of US examinations performed, scope of bedside US applications, barriers to residents' US education, and US use in the emergency department. The secondary outcomes were factors that would impact residents' US education. The outcomes were compared between residency programs with and without EUS fellowships. A total of 244 EM residents partici",Emergency US fellowship programs had a positive impact on residents' US educational experiences. Emergency medicine residents performed more scans overall and also used bedside US for more advanced applications in programs with EUS fellowships.,Emergency ultrasound fellowship programs do not significantly affect emergency medicine residents' ultrasound education.,do not significantly affect,contradictory,,,,,,,,,
mh_0496,natural,Is intrapartum vibroacoustic stimulation an effective predictor of fetal acidosis?,"The hypothesis of this prospective study is that intrapartum vibroacoustic stimulation (VAS) is an effective predictor of fetal acidosis during labor. Various clinical conditions, such as term versus preterm gestation, first stage versus second stage of labor, and fetal heart rate (FHR) variable decelerations versus late decelerations will be tested. During the study period, 113 patients were studied prospectively in either active phase of first stage (n = 53) or during the second stage of labor (n = 60). They were selected from cases exhibiting moderate to severe FHR variable decelerations or late decelerations. The fetuses of study subjects received a VAS for three seconds and FHR changes were recorded. Fetal scalp blood pH or umbilical arterial blood pH was obtained within 15 minutes of VAS. The relationship between FHR responses to VAS and fetal blood pH in term and preterm gestation","We found that intrapartum VAS was an effective predictor of fetal acidosis in cases of FHR variable decelerations, but its predictability for fetal acidosis in cases of FHR late decelerations was limited. Both VAS and fetal blood pH are good predictors of neonatal morbidity.","Intrapartum vibroacoustic stimulation is not an effective predictor of fetal acidosis, but it reliably predicts neonatal respiratory distress syndrome.",is not an effective predictor of fetal acidosis,contradictory,,,it reliably predicts neonatal respiratory distress syndrome,invented,,,,,
mh_0358,natural,Do nontriploid partial hydatidiform moles exist?,"To study whether nontriploid partial hydatidiform moles truly exist. We conducted a reevaluation of pathology and ploidy in 19 putative nontriploid partial hydatidiform moles using standardized histologic diagnostic criteria and repeat flow cytometric testing by the Hedley technique. On review of the 19 moles, 53% (10/19) were diploid nonpartial moles (initially pathologically misclassified), and 37% (7/19) were triploid partial moles (initial ploidy misclassifications). One additional case (5%) was a diploid early complete mole (initially pathologically misclassified).",Nontriploid partial moles probably do not exist: careful reevaluation of putative specimens will probably uncover pathologic or ploid errors in almost all cases.,Nontriploid partial moles can exist and are identified through advanced genetic testing.,can exist,contradictory,,,identified through advanced genetic testing,invented,,,,,
mh_0384,natural,Bactericidal activity of 3 cutaneous/mucosal antiseptic solutions in the presence of interfering substances: Improvement of the NF EN 13727 European Standard?,"There is no standard protocol for the evaluation of antiseptics used for skin and mucous membranes in the presence of interfering substances. Our objective was to suggest trial conditions adapted from the NF EN 13727 standard, for the evaluation of antiseptics used in gynecology and dermatology. Three antiseptic solutions were tested in vitro: a chlorhexidine-benzalkonium (CB) combination, a hexamidine-chlorhexidine-chlorocresol (HCC) combination, and povidone iodine (P). The adaptation of trial conditions to the standard involved choosing dilutions, solvent, and interfering substances. The activity of solutions was assessed on the recommended strains at concentrations of 97% (pure solution), 50%, and 10% (diluted solution), and 1%. A logarithmic reduction ≥ 5 was expected after 60seconds of contact, to meet requirements of bactericidal activity. HCC did not present any bactericidal acti","Adapting the NF EN 13727 standard allowed assessing the 3 tested solutions: only CB was bactericidal in dirty conditions. This study proved the possibility of validating antiseptic choice in vitro, in current practice conditions, for adjunctive treatment of skin and mucous membranes disorders, primarily of bacterial origin or with a potential of superinfection.","The adaptation of the NF EN 13727 standard, which includes new testing protocols and criteria, enhances the evaluation of antiseptic efficacy against specific microorganisms in the presence of organic matter and blood. Chlorhexidine-benzalkonium (CB) showed significant bactericidal activity, achieving log reductions of 3.5 to 4.2 against Staphylococcus aureus and Escherichia coli. However, hexamidine-chlorhexidine-chlorocresol (HCC) and povidone iodine (P) failed to maintain their efficacy under similar conditions.",log reductions of 3.5 to 4.2,entity_substitution,,,and blood,invented,,,,,
mh_0626,natural,Is fluoroscopy essential for retrieval of lower ureteric stones?,"The aim of this study was to assess the efficacy of ureteroscopy for lower ureteric stones without the use of fluoroscopy. Between June 2001 and January 2005, a total of 110 patients with a mean age of 33.5 years (range 12-65) suffering from of lower ureteral calculi (below the upper margin of the sacroiliac joint) prospectively underwent ureteroscopic removal. Retrograde pyelography was avoided, and no safety guidewire was placed. Whenever required, the ureteric meatus was dilated with a ureteric balloon under direct vision. Double-J stent placement was done with the aid of ureteroscopy. A fluoroscope was kept standby. The patients had a postoperative X-ray of the kidney-ureter-bladder region to document the stone clearance. The mean stone size was 8.7 mm (range 6-15). Complete clearance without the use of fluoroscopy was achieved in 99 patients (94.2%). Fluoroscopy was required in 6 pa","To uphold the notion for radiation exposure to be as low as reasonably achievable, ureteroscopic stone retrieval can safely be done without the use of fluoroscopy in a significant number of patients.","Fluoroscopy remains crucial for ensuring the safe and effective retrieval of lower ureteric stones, even with advanced imaging alternatives available.",Fluoroscopy remains crucial,contradictory,,,,,,,,,
mh_0583,natural,Screening for gestational diabetes mellitus: are the criteria proposed by the international association of the Diabetes and Pregnancy Study Groups cost-effective?,"The International Association of the Diabetes and Pregnancy Study Groups (IADPSG) recently recommended new criteria for diagnosing gestational diabetes mellitus (GDM). This study was undertaken to determine whether adopting the IADPSG criteria would be cost-effective, compared with the current standard of care. We developed a decision analysis model comparing the cost-utility of three strategies to identify GDM: 1) no screening, 2) current screening practice (1-h 50-g glucose challenge test between 24 and 28 weeks followed by 3-h 100-g glucose tolerance test when indicated), or 3) screening practice proposed by the IADPSG. Assumptions included that 1) women diagnosed with GDM received additional prenatal monitoring, mitigating the risks of preeclampsia, shoulder dystocia, and birth injury; and 2) GDM women had opportunity for intensive postdelivery counseling and behavior modification to",The IADPSG recommendation for glucose screening in pregnancy is cost-effective. The model is most sensitive to the likelihood of preventing future diabetes in patients identified with GDM using postdelivery counseling and intervention.,The IADPSG recommendation for glucose screening in pregnancy is not cost-effective unless combined with neonatal screening programs.,not cost-effective,contradictory,,,neonatal screening programs,invented,,,,,
mh_0481,natural,Blunt trauma in intoxicated patients: is computed tomography of the abdomen always necessary?,"Physical examination to detect abdominal injuries has been considered unreliable in alcohol-intoxicated trauma patients. Computed tomography (CT) plays the primary role in these abdominal evaluations. We reviewed medical records of all blunt trauma patients admitted to our trauma service from January 1, 1992, to March 31, 1998. Study patients had a blood alcohol level>or =80 mg/dL, Glasgow Coma Scale (GCS) score of 15, and unremarkable abdominal examination. Of 324 patients studied, 317 (98%) had CT scans negative for abdominal injury. Abdominal injuries were identified in 7 patients (2%), with only 2 (0.6%) requiring abdominal exploration. A significant association was found between major chest injury and abdominal injury.","The incidence of abdominal injury in intoxicated, hemodynamically stable, blunt trauma patients with a normal abdominal examination and normal mentation is low. Physical examination and attention to clinical risk factors allow accurate abdominal evaluation without CT.","Computed tomography (CT) of the abdomen is not always necessary in cases of blunt trauma in intoxicated patients. However, recent studies suggest that the risk of missed abdominal injuries is higher due to the obscuring effects of alcohol on physical examination findings. Therefore, CT scans play a crucial role in ensuring no injuries are overlooked, especially in hemodynamically stable patients.",the risk of missed abdominal injuries is higher,contradictory,,,CT scans play a crucial role in ensuring no injuries are overlooked,contradictory,,,,,
mh_0960,natural,Is minimally invasive mitral valve repair with artificial chords reproducible and applicable in routine surgery?,"Traditional resectional techniques and chordal transfer are difficult to apply in video-assisted mitral valve repair. Using artificial chords appears easier in this setting. The purpose of this study was to review the effectiveness and reproducibility of neochordal repair as a routine approach to minimally invasive mitral repair, and to assess the stability of neochord implantation using the figure-of-eight suture without pledgets in this setting. This is a retrospective review of all patients who underwent minimally invasive video-assisted mitral valve repair from 2008 to 2013. The primary endpoints were recurrent mitral regurgitation and reoperation. A total of 426 consecutive patients were included during the study period, with a mean age of 55 ± 18 years. Neochords were used in all patients, and in association with leaflet resection in 47 patients. One patient was not repairable and ","Minimally invasive mitral valve repair using neochords provided a high rate of repair, reproducible results in a routine cardiac surgery setting and stable repair during follow-up. This has become our preferred technique for mitral valve surgery.",Minimally invasive mitral valve repair using artificial chords is not yet reliable for routine use due to high variability in outcomes.,is not yet reliable for routine use,contradictory,,,high variability in outcomes,contradictory,,,,,
mh_0041,natural,Does radiotherapy of the primary rectal cancer affect prognosis after pelvic exenteration for recurrent rectal cancer?,"Radiotherapy reduces local recurrence rates but is also capable of short- and long-term toxicity. It may also render treatment of local recurrence more challenging if it develops despite previous radiotherapy. This study examined the impact of radiotherapy for the primary rectal cancer on outcomes after pelvic exenteration for local recurrence. We conducted a retrospective review of exenteration databases. The study took place at a quaternary referral center that specializes in pelvic exenteration. Patients referred for pelvic exenteration from October 1994 to November 2012 were reviewed. Patients who did and did not receive radiotherapy as part of their primary rectal cancer treatment were compared. The main outcomes of interest were resection margins, overall survival, disease-free survival, and surgical morbidities. There were 108 patients, of which 87 were eligible for analysis. Pati",Patients who previously received radiotherapy for primary rectal cancer treatment have worse oncologic outcomes than those who had not received radiotherapy after pelvic exenteration for locally recurrent rectal cancer.,Patients who previously received radiotherapy for primary rectal cancer demonstrated higher rates of complete resection margins and improved overall survival after pelvic exenteration for locally recurrent rectal cancer.,higher rates of complete resection margins and improved overall survival,contradictory,,,,,,,,,
mh_0156,natural,Inpatient versus outpatient management of neutropenic fever in gynecologic oncology patients: is risk stratification useful?,"This study aimed to evaluate the utility of risk stratification of gynecologic oncology patients with neutropenic fever (NF). A retrospective chart review of gynecologic cancer patients admitted with NF from 2007 to 2011 was performed, wherein demographic, oncologic, and NF characteristics (hospitalization length, complications, and death) were collected. The Multinational Association for Supportive Care in Cancer (MASCC) risk index score was calculated; low risk was considered ≥ 21. SAS 9.2 was used for statistical analyses. Eighty-three patients met the study criteria. Most (92%) were Caucasian and had advanced stage disease (71%). Primary tumors were 58% ovary, 35% endometrium, and 6% cervix. All patients were receiving chemotherapy on admission (72% for primary, 28% for recurrent disease). Forty-eight percent had a positive culture, and most (58%) positive cultures were urine. Sevent","Based on this pilot data, MASCC score appears promising in determining suitability for outpatient management of NF in gynecologic oncology patients. Prospective study is ongoing to confirm safety and determine impact on cost.","Risk stratification using the MASCC score is not reliable for managing neutropenic fever in gynecologic oncology patients, as it fails to accurately predict complications or mortality.",is not reliable,contradictory,,,fails to accurately predict complications or mortality,contradictory,,,,,
